0.000,0.000,12.443,11.299,7.090,6.600,61,8.180,-9999.000,-9999.000,0.000,0,20161123,8505080055,èØì‡êÏêÖån,ñÓìcêÏ
0,-20.010,8.060
7,-19.650,8.120
24,-18.480,8.180
0,-18.330,8.960
8,-18.030,8.960
0,-17.010,9.000
0,-9.230,12.870
14,-8.720,13.060
22,-8.520,13.060
14,-8.320,13.060
0,-5.220,13.180
14,-2.220,13.110
3,-1.520,13.040
2,0.000,12.260
1,0.000,12.443
2,0.000,12.260
24,6.770,9.410
0,14.070,8.920
0,15.310,8.560
0,34.010,7.700
0,57.970,7.230
14,70.930,7.240
0,73.730,7.200
14,77.800,7.190
12,81.540,7.090
13,81.540,7.090
0,85.250,5.620
8,86.630,5.210
0,87.000,4.670
16,87.200,4.440
8,87.960,3.980
0,92.170,3.750
0,100.040,3.950
0,107.400,3.680
0,111.530,3.570
11,117.250,3.590
16,118.870,4.400
0,118.870,4.400
0,119.510,4.980
13,122.850,6.600
12,122.850,6.600
11,122.850,6.600
0,138.950,7.040
26,152.590,7.410
3,160.090,10.880
8,164.080,10.960
2,164.280,10.960
18,164.280,11.299
2,164.280,10.960
0,164.840,10.960
8,164.840,10.930
0,165.500,10.690
0,171.470,8.100
26,173.660,7.360
0,175.720,7.360
0,179.620,7.250
0,185.200,7.040
0,186.170,7.260
0,188.980,7.260
0,189.670,7.040
0,192.060,6.270
0.000,0.000,12.445,11.299,-9999.000,-9999.000,49,8.060,-9999.000,7.400,0.000,0,20120207,8505080055,èØì‡êÏêÖån,ñÓìcêÏ
24,-18.520,8.060
8,-18.150,8.950
0,-16.950,9.000
0,-9.260,12.880
8,-8.860,12.960
0,-8.460,12.960
14,-8.460,13.010
0,-5.390,13.190
14,-2.270,13.090
3,-1.690,13.110
0,-0.340,12.380
1,0.000,12.445
2,0.000,12.300
0,5.760,9.670
0,6.650,9.390
0,9.930,9.220
0,15.620,8.750
0,42.050,7.550
0,52.210,7.350
0,58.990,7.220
14,70.630,7.220
0,74.340,7.200
14,78.020,7.170
13,82.350,7.010
0,85.870,5.370
0,87.040,4.670
16,87.700,4.500
0,88.940,3.450
0,90.170,3.030
0,111.910,3.470
0,113.950,3.620
0,116.650,3.660
8,117.400,3.650
8,118.630,4.180
16,118.760,4.490
0,122.790,6.590
11,124.310,6.720
13,125.260,6.820
0,136.970,7.010
0,152.470,7.360
3,159.930,10.810
0,162.300,11.020
8,163.830,10.980
18,164.270,11.299
2,164.270,10.980
8,164.830,10.910
0,172.880,7.680
25,173.220,7.400
0,176.380,7.400
0.200,200.000,12.692,12.405,7.140,6.650,57,7.320,-9999.000,-9999.000,0.000,0,20161124,8505080055,èØì‡êÏêÖån,ñÓìcêÏ
23,-27.000,7.310
0,-26.090,7.320
0,-26.090,7.310
0,-25.790,7.320
24,-25.690,7.320
0,-25.590,7.720
8,-25.390,7.720
0,-24.080,7.700
0,-23.680,7.700
0,-22.670,7.760
0,-9.220,13.010
0,-8.430,13.160
22,-8.230,13.160
14,-8.030,13.160
0,-7.930,13.270
0,-4.890,13.310
14,-1.800,13.260
3,-1.120,13.110
2,0.000,12.460
1,0.000,12.692
2,0.000,12.460
24,8.180,8.450
0,24.730,7.440
0,55.450,7.200
12,89.370,7.140
13,89.370,7.140
8,95.040,4.490
16,95.070,4.460
8,95.870,3.960
0,96.470,3.820
0,107.520,4.100
0,118.660,4.110
11,125.410,3.980
16,126.340,4.470
13,130.220,6.650
12,130.220,6.650
11,130.610,6.700
0,151.300,7.680
26,166.320,8.470
3,175.890,12.750
0,177.460,12.760
0,181.270,12.660
8,182.380,12.290
2,182.780,12.110
18,182.780,12.405
2,182.780,12.110
8,183.220,11.930
8,189.060,8.990
8,190.230,8.810
0,191.180,8.440
26,191.440,8.380
0,197.310,8.480
0,206.430,8.470
0,207.380,8.410
0,209.200,8.040
0,211.110,7.360
0,212.930,7.450
0.200,200.000,12.695,12.408,-9999.000,-9999.000,50,7.410,-9999.000,8.430,0.000,0,20120227,8505080055,èØì‡êÏêÖån,ñÓìcêÏ
24,-25.680,7.410
8,-25.600,7.410
0,-25.480,7.770
8,-25.280,7.770
0,-22.380,8.060
8,-8.800,13.150
0,-8.470,13.150
0,-8.270,13.150
8,-8.070,13.150
14,-7.990,13.270
0,-4.900,13.310
14,-1.660,13.260
3,-1.320,13.240
2,0.000,12.430
1,0.000,12.695
0,7.600,8.650
0,11.350,8.000
0,20.610,7.440
0,35.760,7.360
0,51.600,7.220
0,59.160,7.180
0,72.580,7.130
0,82.870,7.090
13,89.430,7.210
16,94.970,4.500
0,95.920,3.740
0,101.120,3.750
0,102.870,3.920
0,107.520,4.050
0,112.020,4.150
0,116.380,4.160
0,121.280,4.180
0,125.420,4.150
11,125.550,4.170
16,126.220,4.480
13,130.290,6.650
0,132.870,6.840
0,155.330,7.830
0,166.680,8.440
3,176.180,12.760
0,178.920,12.690
0,181.290,12.660
0,182.450,12.330
18,182.780,12.408
2,182.850,12.130
0,183.250,11.930
0,188.700,9.310
8,188.850,9.140
8,189.900,9.050
25,191.520,8.430
0.400,198.000,12.951,12.665,7.180,6.490,58,7.310,-9999.000,-9999.000,0.000,0,20161124,8505080055,èØì‡êÏêÖån,ñÓìcêÏ
23,-26.640,7.320
0,-26.350,7.310
0,-25.950,7.310
24,-25.830,7.310
0,-25.600,7.910
8,-25.400,7.910
0,-23.830,8.050
0,-9.150,13.198
22,-8.200,13.230
14,-8.080,13.250
0,-7.990,13.320
0,-4.810,13.390
14,-1.820,13.330
3,-1.200,13.290
8,-0.430,12.940
2,0.000,12.730
1,0.000,12.951
2,0.000,12.730
8,0.530,12.540
0,4.500,10.530
0,9.300,10.340
24,13.900,7.880
0,34.300,7.640
0,69.710,7.560
0,100.240,7.380
8,107.970,7.250
12,109.190,7.180
0,109.190,7.080
13,109.270,7.080
16,114.460,4.550
8,115.660,4.070
0,119.850,4.230
0,137.400,4.270
11,142.130,4.030
16,143.400,4.580
13,147.330,6.490
12,147.330,6.490
11,148.710,6.610
8,150.490,7.030
0,152.010,7.100
8,153.810,7.130
0,155.390,7.580
0,158.840,7.610
0,160.060,7.320
0,178.860,8.140
26,204.760,8.210
3,215.000,12.750
0,220.240,12.800
8,221.120,12.450
2,221.410,12.290
18,221.410,12.665
2,221.410,12.290
8,221.860,12.030
0,226.100,9.660
0,230.000,8.560
0,231.810,8.320
8,235.910,7.080
8,239.850,5.610
0.400,198.000,12.952,12.668,-9999.000,-9999.000,66,7.310,-9999.000,5.580,0.000,0,20120227,8505080055,èØì‡êÏêÖån,ñÓìcêÏ
0,-25.990,7.310
24,-25.850,7.310
0,-25.650,7.890
8,-25.450,7.890
0,-23.820,8.030
0,-9.060,13.220
8,-8.530,13.320
8,-8.130,13.320
0,-8.060,13.310
0,-4.780,13.370
14,-1.820,13.300
3,-1.270,13.270
8,-0.480,12.960
2,0.000,12.740
1,0.000,12.952
8,0.500,12.480
0,4.590,10.500
0,9.250,10.360
0,14.510,7.770
0,15.690,7.490
0,20.700,7.500
0,34.730,7.550
0,47.570,7.480
0,67.520,7.520
0,76.950,7.510
0,81.170,7.780
0,84.660,7.560
0,87.550,7.350
0,98.450,7.290
8,107.900,7.180
13,109.160,7.160
16,114.560,4.480
8,115.210,4.130
0,119.640,4.250
0,124.190,4.300
0,129.130,4.330
0,133.290,4.290
0,137.080,4.280
0,141.390,4.160
0,142.630,4.120
16,143.300,4.480
0,143.650,4.870
13,147.450,6.520
8,148.720,6.570
0,149.260,6.650
0,150.390,7.020
8,151.910,7.060
8,153.800,7.090
0,155.510,7.520
0,159.690,7.320
0,159.970,7.320
0,172.290,7.900
0,188.290,8.120
0,204.950,8.180
3,214.850,12.710
0,217.610,12.800
0,220.340,12.750
0,221.010,12.500
18,221.410,12.668
2,221.410,12.300
0,221.810,12.100
0,226.270,9.680
0,230.260,8.500
0,233.200,8.070
8,236.400,7.070
25,239.800,5.580
0.600,193.000,13.009,12.893,6.580,7.020,61,7.130,-9999.000,-9999.000,0.000,0,20161124,8505080055,èØì‡êÏêÖån,ñÓìcêÏ
23,-43.210,7.130
23,-26.780,7.130
0,-25.980,7.130
0,-25.580,7.130
24,-25.460,7.130
0,-25.320,7.850
8,-25.120,7.850
0,-22.760,8.620
8,-19.720,8.810
8,-16.150,9.000
0,-8.520,13.040
0,-8.520,13.190
22,-8.320,13.190
14,-8.120,13.190
0,-8.050,13.250
0,-4.920,13.360
14,-1.760,13.290
3,-1.120,13.210
2,0.000,12.800
1,0.000,13.009
2,0.000,12.800
0,0.500,12.610
24,10.600,8.170
0,33.580,7.150
0,58.220,6.510
0,60.170,6.120
0,61.460,6.090
0,62.840,6.450
0,87.740,7.250
0,112.500,7.050
8,114.060,6.700
8,115.570,6.650
12,116.290,6.580
13,116.290,6.580
0,118.570,5.640
0,119.690,5.520
0,121.230,5.030
16,122.060,4.680
0,122.570,4.550
0,127.410,4.540
0,140.540,4.440
8,146.740,4.230
16,147.750,4.680
0,148.310,4.970
8,149.780,5.080
0,149.920,5.110
13,154.280,7.020
12,154.280,7.020
0,181.210,8.670
26,186.090,8.650
3,195.220,13.040
0,200.260,13.010
8,200.980,12.830
2,201.430,12.590
18,201.430,12.893
2,201.430,12.590
8,201.900,12.370
0,210.750,8.580
26,213.070,8.440
0,219.650,8.080
0,227.240,7.460
0.600,193.000,13.025,12.888,-9999.000,-9999.000,67,7.090,-9999.000,8.620,0.000,0,20120227,8505080055,èØì‡êÏêÖån,ñÓìcêÏ
23,-26.610,7.140
0,-26.320,7.090
5,-25.620,7.090
24,-25.500,7.090
0,-25.300,7.840
8,-25.100,7.840
0,-22.920,8.600
8,-19.970,8.770
8,-16.080,9.010
0,-9.430,12.420
0,-8.550,13.070
0,-8.550,13.170
0,-8.350,13.170
14,-8.150,13.170
0,-8.080,13.240
0,-4.910,13.320
3,-1.710,13.270
0,-1.700,13.270
0,-0.950,13.160
1,0.000,13.025
2,0.000,12.760
0,1.600,12.190
0,9.170,8.550
0,10.690,8.140
0,15.950,7.810
0,23.750,7.590
0,41.250,6.920
0,59.020,6.400
0,60.130,6.040
0,61.410,6.060
0,62.270,6.340
0,70.200,6.530
0,86.120,7.190
0,98.090,7.240
13,112.230,7.030
14,113.480,6.710
14,115.670,6.640
8,116.290,6.530
8,117.980,5.920
0,118.800,5.720
0,119.080,5.550
0,120.440,5.370
8,121.220,5.050
0,121.770,5.000
16,122.250,4.540
0,127.460,4.460
0,133.120,4.440
0,138.640,4.410
0,142.530,4.310
8,146.420,4.190
0,147.150,4.270
16,148.130,4.550
0,148.410,4.960
8,148.800,4.970
0,149.930,5.100
0,153.900,6.930
13,154.890,7.060
0,172.540,8.080
0,186.270,8.610
3,195.110,13.020
0,197.530,13.060
0,200.320,13.030
0,201.030,12.820
18,201.480,12.888
2,201.480,12.600
0,201.930,12.370
25,210.790,8.620
0.800,191.000,12.962,12.586,6.980,6.840,62,7.740,-9999.000,-9999.000,0.000,0,20161124,8505080055,èØì‡êÏêÖån,ñÓìcêÏ
23,-27.450,7.540
7,-25.460,7.540
0,-25.310,7.540
0,-25.310,7.740
0,-24.910,7.740
24,-24.540,7.740
0,-24.390,8.090
8,-24.240,8.090
0,-22.830,8.230
0,-9.420,13.210
14,-8.790,13.230
0,-5.490,13.340
14,-2.280,13.270
3,-1.450,13.160
8,-0.450,12.840
2,0.000,12.660
1,0.000,12.962
2,0.000,12.660
8,0.390,12.500
19,2.000,11.780
24,10.570,8.230
0,55.110,7.330
0,89.360,7.400
0,103.270,7.190
14,105.210,6.850
14,107.240,6.830
0,107.580,6.940
12,108.660,6.980
13,108.660,6.980
8,109.930,6.670
0,112.660,5.760
0,114.900,5.450
16,115.730,4.880
8,116.510,4.590
0,127.820,4.690
0,135.370,4.600
8,140.940,4.640
16,141.480,4.880
0,141.480,5.170
0,143.560,5.800
13,147.020,6.840
12,147.020,6.840
14,148.530,6.880
0,150.360,7.290
0,163.530,7.890
26,177.800,8.460
3,186.820,12.830
0,191.970,12.930
8,193.380,12.630
2,193.930,12.320
18,193.930,12.586
2,193.930,12.320
8,194.440,12.080
26,201.380,8.700
0,203.770,8.630
0,208.490,8.190
0,213.460,8.060
0,224.510,7.810
0,226.310,7.620
0,236.980,7.390
0,243.870,7.420
0,246.070,6.520
0.800,191.000,13.003,12.581,-9999.000,-9999.000,64,7.460,-9999.000,8.760,0.000,0,20120227,8505080055,èØì‡êÏêÖån,ñÓìcêÏ
5,-24.850,7.460
24,-24.600,7.460
0,-24.480,8.060
8,-24.280,8.060
0,-23.290,8.110
0,-22.650,8.230
0,-10.870,12.550
0,-9.520,13.130
8,-9.290,13.230
8,-8.890,13.230
0,-8.800,13.220
0,-5.520,13.300
14,-2.300,13.230
3,-1.850,13.210
8,-0.500,12.840
2,0.000,12.710
1,0.000,13.003
0,0.760,12.530
8,0.460,12.530
0,2.040,12.010
0,10.720,8.230
0,19.650,8.040
0,55.570,7.240
0,59.270,7.240
0,60.320,7.080
0,60.970,7.190
0,90.962,7.410
0,91.190,7.410
0,91.190,7.400
13,103.890,7.130
14,105.550,6.840
14,107.500,6.790
0,108.220,6.880
0,109.390,6.860
8,110.040,6.650
0,110.520,6.610
0,112.100,5.900
8,112.980,5.430
0,114.230,5.470
8,115.050,5.140
0,115.660,5.070
16,116.250,4.770
8,116.550,4.590
0,122.010,4.660
0,126.970,4.630
0,131.930,4.600
0,136.550,4.600
8,140.630,4.570
16,141.580,4.760
8,142.100,5.190
0,142.180,5.390
0,144.340,5.780
14,147.300,6.810
14,148.730,6.820
13,150.940,7.290
0,164.470,7.900
0,178.060,8.440
3,186.770,12.810
0,189.430,12.910
0,191.950,12.900
0,193.080,12.710
18,193.960,12.581
2,193.960,12.280
25,201.420,8.760
1.000,174.000,12.923,12.576,6.800,6.900,74,8.200,-9999.000,-9999.000,0.000,0,20161124,8505080055,èØì‡êÏêÖån,ñÓìcêÏ
23,-29.150,7.740
0,-28.570,7.740
0,-28.570,8.440
0,-28.420,8.440
14,-28.420,8.190
0,-25.120,8.210
14,-22.580,8.230
0,-22.430,8.230
0,-22.400,8.200
26,-22.280,8.200
10,-21.940,9.030
0,-16.400,9.400
14,-8.620,13.360
22,-8.420,13.360
14,-8.220,13.360
0,-4.920,13.490
14,-1.760,13.450
3,-1.230,13.310
8,-0.530,12.890
2,0.000,12.580
1,0.000,12.923
2,0.000,12.580
8,0.410,12.460
19,0.870,12.370
24,8.550,8.740
0,16.280,8.160
0,24.870,7.390
0,41.750,7.040
0,42.920,6.580
0,43.450,6.600
0,44.330,6.960
0,77.260,7.380
0,99.990,7.630
14,101.300,6.820
12,103.310,6.800
13,103.770,6.970
8,105.170,6.820
0,107.880,5.800
8,110.470,5.530
16,111.280,5.100
0,112.320,4.890
0,116.220,4.850
0,124.710,4.840
0,132.180,4.750
8,136.160,4.600
0,137.220,4.980
16,137.430,5.110
0,138.260,5.520
0,139.550,5.810
8,141.660,6.660
13,141.820,6.900
12,141.820,6.900
14,143.430,6.980
0,145.660,7.410
0,155.100,7.810
26,170.030,8.390
3,180.140,12.920
0,185.400,12.990
8,186.830,12.470
2,187.240,12.250
18,187.240,12.576
2,187.240,12.250
8,187.630,12.020
0,193.370,9.340
0,195.190,8.930
26,197.270,8.730
0,200.100,8.630
0,213.070,9.240
0,216.080,9.260
0,220.400,8.940
0,235.840,7.340
0,252.160,7.540
0,265.670,7.540
0,273.940,7.660
1.000,174.000,12.944,12.575,-9999.000,-9999.000,58,8.240,-9999.000,9.080,0.000,0,20120222,8505080055,èØì‡êÏêÖån,ñÓìcêÏ
0,-28.620,8.450
0,-28.470,8.450
0,-28.470,8.200
24,-22.470,8.240
8,-22.020,9.060
0,-16.490,9.380
0,-8.630,13.330
22,-8.370,13.380
14,-8.110,13.430
0,-4.900,13.520
14,-1.730,13.470
3,-1.480,13.430
0,-0.500,12.880
0,0.000,12.944
1,0.000,12.944
2,0.000,12.630
0,0.500,12.380
0,9.610,8.540
0,16.800,8.120
0,23.440,7.460
0,41.900,7.030
0,43.020,6.580
0,43.600,6.620
0,44.640,7.000
0,64.810,7.230
0,83.650,7.530
13,100.040,7.610
14,101.330,6.820
0,103.290,6.770
14,103.930,6.880
0,105.220,6.840
8,106.190,6.440
0,110.150,5.590
0,111.130,5.110
16,112.410,5.040
0,115.970,4.920
0,123.050,4.900
0,127.900,4.880
0,132.620,4.740
0,136.290,4.710
16,136.810,5.010
8,137.710,5.390
8,139.090,5.680
8,141.660,6.810
0,141.740,6.900
14,143.420,6.980
13,145.710,7.410
0,160.770,7.920
0,170.290,8.420
3,180.260,12.910
0,183.320,12.950
0,185.580,12.950
8,186.770,12.520
18,187.280,12.575
2,187.280,12.280
8,187.590,12.050
25,194.340,9.080
0,198.340,8.780
1.200,229.000,13.290,12.760,7.170,7.340,65,7.820,-9999.000,-9999.000,0.000,0,20161124,8505080055,èØì‡êÏêÖån,ñÓìcêÏ
0,-29.400,7.900
7,-27.610,7.820
0,-27.530,7.820
0,-27.130,7.820
24,-27.030,7.820
10,-26.640,8.650
8,-26.040,8.650
0,-25.370,8.700
0,-14.070,13.130
0,-13.710,13.210
14,-13.560,13.210
22,-8.410,13.430
0,-8.180,13.470
0,-4.970,13.650
14,-1.740,13.660
22,-1.270,13.600
3,-0.970,13.540
2,0.000,13.090
1,0.000,13.290
2,0.000,13.090
8,0.340,13.000
24,9.390,8.790
0,24.720,8.160
0,44.440,7.580
0,46.050,7.190
0,46.390,7.200
0,47.430,7.580
0,60.050,7.860
0,82.850,7.810
14,84.430,7.300
12,87.230,7.170
13,87.230,7.170
14,87.370,7.090
0,89.490,6.320
0,90.950,6.300
16,93.250,5.450
8,93.590,5.320
0,99.370,5.240
0,111.000,5.090
8,117.230,4.940
16,119.600,5.450
0,121.160,6.070
13,123.590,7.110
8,124.330,7.220
12,124.980,7.340
0,128.130,7.680
0,154.740,7.990
26,187.200,9.060
3,195.870,13.080
0,201.870,13.070
8,202.770,12.710
2,203.330,12.410
18,203.330,12.760
2,203.330,12.410
8,203.810,12.150
0,207.490,10.330
26,210.590,9.680
0,215.710,9.840
0,224.340,9.480
0,226.050,9.420
0,233.690,9.300
0,236.700,9.060
0,240.140,8.390
0,253.710,7.870
0,255.350,7.720
1.200,229.000,13.291,12.762,-9999.000,-9999.000,57,7.870,-9999.000,9.530,0.000,0,20120222,8505080055,èØì‡êÏêÖån,ñÓìcêÏ
5,-27.260,7.870
24,-27.160,7.870
0,-26.810,8.670
8,-26.210,8.670
0,-13.970,13.190
8,-13.620,13.260
8,-13.470,13.260
0,-8.610,13.450
22,-8.500,13.470
0,-4.920,13.650
3,-1.730,13.660
22,-1.300,13.630
1,0.000,13.291
2,0.000,13.120
0,10.030,8.710
0,18.940,8.300
0,28.070,8.050
0,36.480,7.850
0,44.560,7.540
0,45.910,7.140
0,47.870,7.600
0,55.820,7.750
0,61.680,7.860
0,71.750,7.860
13,82.250,7.830
14,84.390,7.260
0,87.090,7.150
14,87.220,7.070
8,87.940,6.730
0,89.910,6.170
0,92.230,5.920
16,93.410,5.350
0,97.510,5.140
0,102.540,5.180
0,108.360,5.150
0,113.590,5.010
8,117.690,4.910
0,118.230,5.190
16,119.270,5.340
0,119.750,5.450
8,119.990,5.800
8,121.380,6.240
0,123.350,7.130
13,124.160,7.170
0,144.610,7.780
0,167.480,8.250
0,187.650,9.110
0,195.390,12.990
3,196.530,13.140
0,199.370,13.110
0,201.540,13.100
8,202.930,12.600
18,203.310,12.762
2,203.310,12.400
8,203.720,12.210
0,209.690,9.730
25,211.290,9.530
1.400,187.000,12.864,13.261,7.340,7.680,80,8.010,-9999.000,-9999.000,0.000,0,20161124,8505080055,èØì‡êÏêÖån,ñÓìcêÏ
0,-54.180,8.030
0,-36.750,7.820
0,-36.750,9.420
0,-36.650,9.420
0,-36.650,8.000
7,-29.570,8.010
0,-29.370,8.010
0,-28.970,8.010
24,-28.870,8.010
10,-28.420,8.820
8,-27.820,8.820
0,-24.840,9.060
0,-18.180,11.290
0,-10.640,13.700
22,-10.440,13.700
14,-10.240,13.700
0,-6.580,13.770
14,-3.170,13.690
22,-2.630,13.690
3,-2.270,13.620
8,-0.340,12.730
2,0.000,12.540
1,0.000,12.864
2,0.000,12.540
8,0.530,12.300
0,3.130,11.130
0,4.390,10.970
24,8.940,9.160
0,14.480,8.660
0,37.890,8.190
0,68.200,8.070
0,69.710,8.340
0,73.780,8.310
0,76.340,7.830
0,80.530,7.900
14,82.510,7.480
12,84.990,7.340
13,84.990,7.340
14,85.100,7.250
8,86.490,6.600
0,88.600,6.420
0,89.390,6.100
0,90.310,6.110
0,91.330,5.720
16,99.850,5.520
0,104.480,5.350
0,110.930,5.160
8,116.120,4.860
16,117.980,5.510
8,118.770,5.750
13,123.130,7.680
12,123.130,7.680
0,124.050,7.740
14,125.670,7.460
14,128.950,7.620
0,132.060,7.920
0,162.270,8.450
26,178.770,9.490
0,184.680,12.740
0,186.590,13.410
19,186.740,13.480
3,187.090,13.570
0,191.320,13.560
19,192.320,13.390
0,193.510,13.130
2,193.940,12.940
18,193.940,13.261
2,193.940,12.940
0,194.390,12.730
0,198.760,11.330
0,200.220,11.180
0,211.570,10.640
0,224.240,10.120
0,229.980,9.780
0,230.960,9.610
26,236.040,7.600
0,238.550,7.400
0,245.470,7.450
0,254.190,7.610
0,262.990,7.950
1.400,187.000,12.870,13.256,-9999.000,-9999.000,56,8.010,-9999.000,11.370,0.000,0,20120222,8505080055,èØì‡êÏêÖån,ñÓìcêÏ
5,-29.080,8.010
24,-28.980,8.010
0,-28.630,8.810
8,-28.030,8.810
0,-25.170,8.920
14,-10.580,13.690
22,-10.220,13.690
0,-6.400,13.760
14,-3.130,13.680
3,-2.600,13.690
0,-2.350,13.650
0,-0.450,12.730
1,0.000,12.870
2,0.000,12.550
0,0.450,12.380
0,3.390,11.030
0,4.630,10.880
0,9.170,9.100
0,17.880,8.550
0,28.560,8.310
0,41.230,8.150
0,58.950,8.050
0,67.600,8.020
0,69.550,8.350
0,73.480,8.330
0,76.400,7.830
13,80.950,7.760
14,82.300,7.450
0,84.810,7.310
14,84.960,7.240
8,86.240,6.570
0,89.630,6.210
0,90.450,5.800
16,101.900,5.380
0,108.480,5.160
0,112.590,5.060
8,115.910,4.880
16,117.080,5.380
8,118.220,5.670
0,119.130,5.940
13,122.810,7.650
0,123.680,7.700
14,125.380,7.420
14,128.450,7.610
0,129.590,7.780
0,141.640,7.990
0,160.920,8.390
0,178.400,9.420
0,185.770,13.090
3,186.830,13.500
0,189.460,13.590
0,190.940,13.590
0,192.240,13.400
18,193.860,13.256
2,193.860,12.960
25,198.020,11.370
1.600,164.000,14.212,16.790,7.360,7.600,106,7.810,-9999.000,-9999.000,0.000,0,20161124,8505080055,èØì‡êÏêÖån,ñÓìcêÏ
23,-27.360,7.780
0,-26.840,7.810
24,-26.590,7.810
10,-25.810,9.170
8,-25.260,9.170
0,-23.620,10.070
0,-23.410,10.110
0,-23.160,10.110
0,-22.660,10.110
0,-19.890,10.190
14,-16.850,10.330
0,-16.520,10.300
0,-16.520,10.450
0,-16.370,10.450
10,-16.220,10.450
10,-16.000,10.780
8,-15.400,10.780
0,-14.380,10.980
0,-8.490,14.051
22,-8.300,14.090
14,-8.010,14.100
0,-1.460,14.250
14,-1.310,14.210
22,-1.080,14.180
3,-0.780,14.180
2,0.000,13.890
1,0.000,14.212
2,0.000,13.890
8,0.780,13.780
9,1.080,13.780
8,1.200,13.330
0,1.940,13.060
0,5.110,11.440
0,5.720,11.060
0,6.020,11.060
0,6.020,10.960
0,16.400,10.420
0,16.400,10.520
0,17.080,10.490
24,20.810,8.640
0,22.040,8.420
0,33.830,8.090
0,34.900,7.780
0,36.070,7.850
0,36.890,8.090
0,56.820,8.380
0,65.760,8.230
10,68.930,7.990
12,74.430,7.360
13,74.430,7.360
0,78.070,6.010
16,80.390,5.720
8,81.630,5.450
0,85.800,5.470
0,94.180,5.550
0,100.890,5.730
16,103.910,5.730
10,105.320,5.770
0,108.240,6.040
0,108.530,6.050
0,116.400,7.450
10,116.400,7.600
13,116.400,7.600
12,116.500,7.600
0,118.800,7.550
0,127.610,7.890
0,142.760,7.750
0,148.440,8.330
0,153.630,8.720
0,165.450,9.220
26,174.340,9.610
0,177.940,11.510
0,177.940,13.630
0,177.690,13.630
0,177.690,14.380
0,179.090,14.380
3,179.090,16.480
8,190.190,16.330
0,190.390,16.330
2,192.060,16.600
18,192.060,16.790
2,192.060,16.600
0,192.820,16.600
0,192.820,17.060
0,193.000,17.060
0,193.000,18.060
0,193.250,18.060
0,193.250,17.060
0,193.480,17.060
0,193.480,14.300
0,194.800,14.300
0,194.800,13.550
0,194.500,13.250
0,194.300,13.250
0,194.300,11.550
26,197.000,10.240
0,208.130,9.940
0,219.700,9.710
8,220.390,9.460
0,221.390,9.460
0,221.390,9.360
8,221.880,8.680
0,248.180,8.480
0,266.040,8.330
0,266.540,8.080
0,267.430,5.990
1.600,164.000,14.218,16.779,-9999.000,-9999.000,74,7.780,-9999.000,13.340,0.000,0,20120222,8505080055,èØì‡êÏêÖån,ñÓìcêÏ
24,-26.900,7.780
0,-24.140,9.960
0,-24.140,10.110
0,-23.990,10.110
0,-23.940,10.160
22,-23.340,10.160
5,-23.190,10.130
14,-22.690,10.150
0,-19.910,10.330
8,-16.790,10.320
0,-14.720,10.930
22,-8.330,14.090
14,-8.020,14.090
0,-4.800,14.210
14,-1.200,14.210
3,-0.750,13.920
0,-0.300,13.920
2,0.000,13.920
1,0.000,14.218
0,0.850,13.920
9,1.100,13.920
9,1.250,13.470
8,4.820,11.520
0,5.180,11.410
0,5.790,11.070
0,17.080,10.500
8,20.620,8.710
0,21.920,8.440
0,37.240,8.220
0,52.460,8.390
13,63.260,8.240
8,68.830,7.970
0,74.370,7.390
0,78.060,6.020
16,81.250,5.670
8,81.640,5.610
0,85.990,5.430
0,91.470,5.500
16,99.310,5.680
8,104.640,5.720
0,108.400,6.080
8,116.340,7.450
13,116.340,7.600
0,127.540,7.890
0,142.690,7.750
0,153.560,8.720
0,162.380,9.220
8,174.270,9.610
0,177.870,11.400
0,177.870,13.590
0,177.620,13.590
0,177.620,14.350
3,179.020,14.350
0,179.020,16.480
8,190.120,16.340
0,190.320,16.340
18,191.990,16.779
2,191.990,16.660
0,192.300,16.660
0,192.670,16.660
0,192.670,16.840
0,193.090,16.840
0,193.090,17.070
0,193.290,17.070
0,193.290,18.090
0,193.550,18.090
0,193.550,17.070
0,193.690,17.070
0,193.690,14.300
0,195.030,14.300
0,195.030,13.560
25,194.730,13.340
8,194.530,11.580
8,197.350,10.210
1.800,201.000,13.345,13.392,6.970,8.230,67,8.100,-9999.000,-9999.000,0.000,0,20161124,8505080055,èØì‡êÏêÖån,ñÓìcêÏ
0,-30.910,7.670
19,-30.910,8.060
24,-30.160,8.100
10,-29.000,10.490
0,-28.150,10.500
0,-28.150,10.470
8,-28.110,10.470
0,-27.780,10.470
0,-26.160,10.750
22,-19.800,13.750
0,-19.380,13.730
0,-19.230,13.730
14,-19.230,13.630
0,-12.430,13.790
0,-5.890,13.790
14,-2.260,13.630
3,-1.140,13.600
8,-0.520,13.280
2,0.000,12.990
1,0.000,13.345
2,0.000,12.990
8,0.350,12.790
0,6.370,10.210
0,9.540,9.440
0,14.980,8.710
24,21.150,8.160
0,26.760,8.170
0,38.600,8.000
0,45.260,7.790
0,58.090,7.590
0,64.590,7.490
0,74.760,7.460
14,78.220,7.380
0,78.820,7.380
8,78.820,6.780
8,85.370,6.970
12,85.870,6.970
13,85.870,6.970
0,85.870,6.820
8,87.610,6.070
16,96.090,5.880
0,102.030,5.700
0,109.300,5.430
8,115.310,5.390
16,117.530,5.870
8,118.260,6.150
0,118.880,6.600
13,123.990,8.230
12,123.990,8.230
0,130.380,8.510
0,154.720,9.160
26,165.120,9.860
0,172.680,13.410
3,173.670,14.210
0,178.630,14.210
8,179.740,13.300
2,179.970,13.170
18,179.970,13.392
2,179.970,13.170
8,180.470,12.950
26,186.050,10.050
0,195.180,9.860
0,200.220,9.660
0,210.490,8.510
0,218.000,8.310
0,226.900,8.280
0,240.060,8.330
1.800,201.000,13.369,13.388,-9999.000,-9999.000,58,7.670,-9999.000,10.010,0.000,0,20120221,8505080055,èØì‡êÏêÖån,ñÓìcêÏ
24,-30.910,7.670
0,-30.910,8.210
0,-29.870,8.210
0,-28.850,10.560
0,-27.990,10.560
0,-27.990,10.510
0,-27.910,10.330
0,-27.730,10.330
0,-27.730,10.510
0,-27.690,10.510
0,-25.610,10.890
22,-19.760,13.590
0,-19.340,13.520
8,-19.340,13.340
5,-19.190,13.340
8,-19.190,13.520
0,-15.900,13.720
0,-11.820,13.720
0,-5.890,13.680
14,-2.350,13.550
3,-1.150,13.490
8,-0.420,13.170
1,0.000,13.369
2,0.000,13.020
8,0.410,12.630
0,7.180,9.600
0,10.540,8.940
0,18.280,8.230
14,21.090,8.070
0,46.320,7.690
0,63.160,7.380
14,78.580,7.240
0,79.200,7.570
0,81.760,7.740
0,84.190,7.500
0,86.510,7.530
13,88.620,7.470
0,92.680,5.800
16,95.270,5.710
0,98.060,5.570
0,102.660,5.440
0,107.610,5.530
0,112.380,5.600
8,115.870,5.480
16,117.110,5.760
8,117.670,5.840
13,124.110,8.110
0,143.460,8.680
0,155.920,9.160
0,165.270,9.820
0,172.940,13.730
3,173.640,14.130
0,174.040,14.130
0,176.400,14.160
0,178.640,14.130
18,180.000,13.388
2,180.000,13.130
25,185.990,10.010
2.000,190.000,13.772,13.718,7.740,8.340,70,8.090,-9999.000,-9999.000,0.000,0,20161123,8505080055,èØì‡êÏêÖån,ñÓìcêÏ
19,-34.820,8.240
19,-29.460,8.090
0,-29.360,8.090
0,-28.960,8.090
24,-28.860,8.090
10,-28.380,8.910
8,-27.780,8.910
0,-13.170,14.340
22,-12.970,14.340
14,-12.770,14.340
0,-10.660,14.400
0,-7.550,14.450
0,-4.070,14.400
14,-3.990,14.340
22,-3.940,14.340
0,-3.790,14.340
3,-3.790,14.090
0,-2.580,13.940
0,-2.420,13.940
8,-0.920,13.760
2,0.000,13.440
1,0.000,13.772
2,0.000,13.440
8,0.940,13.150
24,14.840,8.560
0,17.930,8.370
0,30.080,8.210
0,44.740,8.000
0,54.950,7.780
14,62.760,7.640
0,64.320,7.950
0,74.970,8.150
12,77.380,7.740
13,77.380,7.740
8,78.490,7.190
0,78.890,7.190
0,78.890,7.090
16,80.570,6.230
0,80.990,6.090
0,84.700,5.940
0,88.690,6.050
0,94.360,6.200
0,99.310,6.240
0,102.790,6.150
0,108.540,5.970
8,111.210,5.890
16,111.740,6.220
0,113.570,7.080
0,113.570,7.180
8,113.870,7.180
13,117.330,8.340
12,117.330,8.340
0,138.550,8.770
0,162.380,9.280
0,169.610,9.840
26,179.980,10.190
0,187.260,13.350
3,188.760,14.410
0,193.840,14.400
8,194.990,13.650
2,195.360,13.440
18,195.360,13.718
2,195.360,13.440
8,195.800,13.220
26,203.490,10.180
0,205.600,9.970
0,209.520,9.780
0,219.130,8.920
0,225.990,8.690
0,233.610,8.110
2.000,190.000,13.967,14.238,-9999.000,-9999.000,60,8.240,-9999.000,9.980,0.000,0,20120221,8505080055,èØì‡êÏêÖån,ñÓìcêÏ
24,-25.900,8.240
0,-25.500,9.040
8,-25.000,9.060
0,-24.320,9.250
0,-19.620,11.270
0,-16.900,11.450
0,-12.990,13.550
0,-11.570,14.350
0,-10.110,14.290
0,-10.110,14.110
0,-9.710,14.110
5,-9.710,14.290
8,-5.250,14.440
22,-5.050,14.440
8,-4.850,14.440
3,-1.160,14.370
22,-1.080,14.330
0,-0.930,14.330
8,-0.930,13.920
1,0.000,13.967
2,0.000,13.770
0,8.210,10.330
0,13.550,9.960
14,21.350,8.270
0,47.090,7.980
14,65.330,7.630
0,67.150,8.060
0,73.990,8.020
13,79.420,7.710
0,81.790,7.060
8,82.890,6.300
16,83.390,6.300
0,83.390,6.200
8,83.870,5.980
0,88.460,6.080
0,93.770,6.070
0,99.830,6.150
0,105.580,5.990
0,110.170,5.900
8,114.000,5.820
16,114.660,6.060
0,116.630,7.040
0,116.630,7.140
8,117.130,7.140
13,120.520,8.270
0,134.970,8.640
0,150.340,8.920
0,162.640,9.120
0,173.920,9.840
0,182.770,10.090
3,191.980,14.310
0,194.710,14.370
18,197.360,14.238
2,197.360,14.240
0,198.720,13.700
0,202.350,11.570
25,208.530,9.980
0,213.000,9.870
0,220.240,9.150
0,229.340,8.570
2.200,206.000,14.113,14.002,8.770,8.520,60,8.200,-9999.000,-9999.000,0.000,0,20161122,8505080055,èØì‡êÏêÖån,ñÓìcêÏ
0,-33.460,8.200
23,-31.260,8.200
23,-27.560,8.200
0,-26.910,8.200
0,-26.510,8.200
24,-26.450,8.200
10,-26.030,9.020
8,-25.430,9.020
0,-9.560,14.052
22,-8.910,14.070
14,-8.590,14.080
0,-5.620,14.120
0,-2.820,14.180
14,-1.190,14.230
3,-0.990,14.230
8,-0.990,14.170
2,0.000,13.790
1,0.000,14.113
2,0.000,13.790
8,0.910,13.550
24,15.850,9.020
0,30.520,8.790
0,47.500,8.800
14,49.480,8.770
14,52.430,8.730
0,52.910,8.900
0,57.190,8.940
0,58.710,8.750
0,61.900,8.670
14,62.050,8.670
14,62.930,8.690
12,64.810,8.770
13,64.810,8.770
8,68.730,7.550
16,69.900,6.960
10,70.890,6.470
0,79.730,6.530
0,86.680,6.390
0,94.200,6.740
16,105.590,6.970
13,110.110,8.520
12,110.590,8.520
0,134.800,8.530
26,165.250,8.740
0,170.050,10.720
0,182.180,11.390
3,186.930,13.730
0,187.910,14.540
0,192.440,14.550
0,193.230,14.490
2,193.840,13.890
18,193.840,14.002
2,193.840,13.890
0,194.320,13.680
0,199.340,11.120
0,201.930,10.880
26,205.350,10.210
0,212.740,10.070
10,213.220,9.980
10,221.880,5.840
2.200,206.000,13.455,13.994,-9999.000,-9999.000,64,8.200,-9999.000,5.660,0.000,0,20120221,8505080055,èØì‡êÏêÖån,ñÓìcêÏ
24,-26.230,8.200
8,-25.610,9.100
0,-24.970,9.130
0,-9.730,14.090
22,-8.580,14.080
14,-8.380,14.080
0,-5.210,14.140
3,-1.990,14.050
0,-1.400,13.950
0,-0.600,13.750
0,-0.600,13.450
2,0.000,13.380
1,0.000,13.455
0,0.600,13.380
0,0.600,13.080
0,1.200,13.080
0,1.200,12.780
0,1.800,12.780
0,1.800,12.480
0,5.920,11.300
0,9.600,11.130
0,17.940,8.940
0,32.770,8.850
0,50.230,8.780
14,50.660,8.730
10,54.020,8.750
10,54.020,8.850
0,54.120,8.850
0,54.120,8.750
0,58.250,8.740
0,58.250,8.840
0,58.350,8.840
0,58.350,8.740
14,63.390,8.690
0,63.730,8.770
13,65.110,8.730
8,68.300,7.880
16,70.390,6.980
8,70.870,6.620
0,73.740,6.640
0,78.340,6.660
0,84.670,6.690
0,89.350,6.610
0,93.800,6.630
0,97.920,6.700
16,104.710,6.940
0,107.340,7.360
0,109.300,8.240
13,111.640,8.940
0,113.800,8.870
0,132.360,8.580
0,165.290,8.720
0,170.750,10.850
0,182.270,11.370
3,188.340,14.540
0,190.790,14.610
0,193.380,14.540
18,194.160,13.994
2,194.160,13.980
0,199.700,11.210
0,202.900,10.880
0,205.100,10.270
8,213.500,10.050
25,222.500,5.660
2.400,80.000,14.090,14.370,-9999.000,-9999.000,53,-9999.000,-9999.000,-9999.000,0.000,1,20161226,8505080055,èØì‡êÏêÖån,ñÓìcêÏ
0,-28.300,7.740
8,-26.640,9.850
0,-14.990,15.920
22,-14.570,15.950
22,-12.220,16.010
14,-12.020,16.010
0,-8.720,16.040
14,-5.400,16.020
22,-5.250,16.020
8,-2.900,16.040
0,-1.100,16.040
0,-1.100,14.090
1,0.000,14.090
0,0.000,12.690
0,1.040,12.610
8,4.340,11.640
0,7.980,11.400
0,16.880,9.170
0,56.320,8.960
0,58.830,8.980
13,62.430,8.940
0,65.360,8.300
0,65.900,8.010
0,67.470,7.210
0,76.010,7.110
16,80.620,7.030
0,86.810,6.860
0,98.900,6.650
16,99.900,7.030
0,101.770,8.010
0,102.560,8.340
13,104.120,9.790
0,105.530,9.740
0,107.590,9.180
0,120.330,9.170
8,154.120,9.390
0,157.330,10.030
0,161.950,11.300
0,166.740,11.530
0,169.810,13.230
18,169.810,14.370
0,170.910,14.370
0,170.910,16.370
14,173.030,16.370
0,177.260,16.260
14,184.380,16.260
0,185.040,16.280
0,185.040,16.450
19,185.540,16.450
0,186.040,16.450
0,186.040,14.360
0,189.720,12.780
0,195.710,9.940
Ç”ÇÍÇ†Ç¢ã¥,2.000,2
2.400,190.000,13.719,14.837,-9999.000,-9999.000,60,7.940,-9999.000,5.670,0.000,0,20120221,8505080055,èØì‡êÏêÖån,ñÓìcêÏ
24,-26.340,7.940
0,-18.680,11.260
0,-16.160,11.360
0,-9.600,14.490
0,-9.200,14.490
14,-8.970,14.480
0,-5.590,14.510
8,-2.040,14.440
3,-1.640,14.440
0,-1.440,14.090
8,-0.490,14.090
0,-0.490,13.840
0,0.000,13.720
1,0.000,13.719
0,0.600,13.720
0,0.600,13.420
0,1.200,13.420
0,1.200,13.120
0,1.800,13.120
0,1.800,12.820
8,6.830,11.460
8,9.050,11.400
0,10.620,11.300
0,19.880,9.160
0,37.020,9.110
0,56.460,8.950
14,56.660,8.910
14,59.040,8.900
0,59.320,8.950
0,62.020,8.960
0,65.600,8.410
13,67.110,8.400
0,67.660,7.680
16,69.180,6.890
0,71.760,6.420
0,75.960,6.690
0,82.440,6.760
0,89.790,6.810
0,96.380,6.760
16,100.620,6.890
0,106.050,7.910
13,116.350,8.820
0,133.920,8.950
0,158.220,9.140
0,161.740,10.160
0,172.930,10.540
3,181.530,14.910
0,183.710,15.010
0,185.900,14.950
18,186.270,14.837
2,186.270,14.840
0,186.500,14.700
0,186.640,14.260
8,187.240,13.780
8,187.740,13.480
0,193.180,10.820
0,197.860,10.490
8,198.260,10.110
0,198.260,10.020
25,207.220,5.670
2.600,200.000,14.303,14.466,9.380,9.470,89,10.090,-9999.000,-9999.000,0.000,0,20161123,8505080055,èØì‡êÏêÖån,ñÓìcêÏ
0,-25.740,10.970
0,-23.360,10.540
0,-23.360,10.790
19,-23.310,10.790
0,-23.260,10.790
0,-23.260,10.090
0,-22.990,10.090
0,-22.590,10.090
24,-22.120,10.090
0,-21.990,10.530
8,-21.790,10.530
0,-15.890,10.920
0,-10.950,13.130
0,-8.570,14.520
22,-8.370,14.520
14,-8.170,14.520
0,-7.950,14.530
0,-4.470,14.560
14,-1.670,14.540
3,-1.040,14.540
0,-0.410,14.360
0,-0.150,14.300
2,0.000,14.300
1,0.000,14.303
2,0.000,14.300
0,0.150,14.300
0,0.150,14.010
0,0.590,13.990
0,0.740,13.990
0,0.740,13.740
0,1.220,13.680
0,1.370,13.680
0,1.370,13.430
0,1.780,13.360
0,1.930,13.360
0,1.930,13.110
0,6.850,11.820
0,10.800,11.610
24,19.080,9.470
0,30.990,9.310
0,44.770,9.210
0,56.430,9.170
0,56.720,9.130
0,58.990,9.140
0,62.830,9.360
12,65.500,9.380
13,65.500,9.380
0,66.650,8.420
8,67.580,8.100
0,67.790,8.100
0,67.790,8.000
16,69.320,7.280
8,69.830,7.060
0,78.960,7.130
0,90.100,7.160
0,99.480,7.070
8,102.950,7.070
16,102.950,7.270
0,103.420,7.300
0,103.420,7.500
0,103.950,7.570
0,103.950,7.770
0,104.530,7.840
0,104.530,8.040
8,104.840,8.060
0,106.720,8.710
0,108.330,8.650
13,109.740,9.470
12,109.740,9.470
0,119.500,9.640
0,133.320,9.580
0,141.190,9.540
8,160.860,9.680
8,162.630,10.320
0,165.400,10.580
24,176.130,11.120
3,184.010,14.700
14,185.000,14.770
0,186.910,14.810
14,188.640,14.820
0,189.410,14.830
0,190.010,14.390
2,190.460,14.090
18,190.460,14.466
2,190.460,14.090
0,190.920,13.800
0,196.430,10.860
10,201.530,10.520
10,212.300,5.150
2.600,200.000,14.303,14.458,-9999.000,-9999.000,78,10.080,-9999.000,5.880,0.000,0,20120221,8505080055,èØì‡êÏêÖån,ñÓìcêÏ
0,-23.230,10.080
0,-23.040,10.070
24,-22.130,10.080
0,-22.020,10.510
8,-21.820,10.510
0,-15.970,10.890
8,-8.810,14.470
22,-8.610,14.470
14,-8.300,14.490
14,-4.800,14.550
3,-1.670,14.710
0,-0.400,14.300
1,0.000,14.303
2,0.000,14.300
0,0.100,14.300
0,0.100,14.000
0,0.750,14.000
0,0.750,13.700
0,1.350,13.700
0,1.350,13.400
0,1.950,13.400
0,1.950,13.100
0,6.690,11.600
0,10.390,11.610
0,19.070,9.430
0,39.280,9.230
0,56.320,9.160
0,56.490,9.120
0,58.920,9.120
0,59.230,9.190
0,63.740,9.380
13,66.050,9.230
8,69.560,8.070
0,69.810,8.070
0,69.810,7.970
16,71.780,7.190
8,72.090,7.020
0,75.810,7.050
0,80.350,7.090
0,86.390,7.100
0,92.710,6.980
0,100.810,6.900
8,104.680,6.860
0,104.680,6.960
0,105.440,7.000
0,105.440,7.100
16,105.870,7.280
0,105.870,7.480
0,106.380,7.540
0,106.380,7.740
0,106.890,7.790
0,106.890,7.990
8,107.290,7.990
0,109.280,8.860
13,116.430,9.530
0,133.700,9.480
8,160.950,9.630
8,163.420,10.280
0,168.960,10.790
0,176.140,11.070
3,184.540,14.780
14,185.220,14.780
0,187.230,14.780
14,188.810,14.850
0,189.450,14.850
8,190.370,14.260
18,190.480,14.458
2,190.480,14.160
8,190.980,13.880
0,196.160,10.900
0,200.700,10.680
0,201.200,10.620
0,202.000,10.600
8,202.000,10.480
8,204.000,9.430
0,208.400,7.910
8,209.660,6.630
25,212.620,5.880
2.800,220.000,14.674,14.181,9.420,9.470,98,11.130,-9999.000,-9999.000,0.000,0,20161123,8505080055,èØì‡êÏêÖån,ñÓìcêÏ
23,-16.460,11.130
0,-15.700,11.130
24,-15.670,11.130
0,-15.530,11.620
8,-15.330,11.620
0,-8.150,14.970
22,-7.950,14.970
0,-7.750,14.970
14,-7.590,14.980
0,-4.630,15.020
14,-1.490,14.930
3,-1.190,14.950
0,-0.480,14.660
0,-0.150,14.670
2,0.000,14.670
1,0.000,14.674
2,0.000,14.670
0,0.150,14.670
0,0.150,14.470
0,0.560,14.350
0,0.710,14.350
0,0.710,14.100
0,1.200,14.040
0,1.350,14.040
0,1.350,13.790
0,1.720,13.820
0,1.870,13.820
0,1.870,13.570
0,3.280,13.360
0,3.430,13.360
0,3.430,13.010
0,4.080,12.960
0,4.230,12.960
0,4.230,12.610
0,4.890,12.540
0,5.040,12.540
0,5.040,12.190
0,5.680,12.150
0,5.830,12.150
0,5.830,11.800
0,10.580,11.490
0,15.160,11.180
0,15.310,11.180
0,15.310,10.830
0,16.400,10.740
0,16.550,10.740
0,16.550,10.390
0,17.790,10.270
0,17.940,10.270
0,17.940,9.920
0,19.190,9.860
0,19.340,9.860
24,19.340,9.610
0,33.490,9.560
0,46.040,9.490
0,55.060,9.440
14,55.700,9.380
14,57.920,9.370
0,58.250,9.490
0,59.650,9.565
12,60.790,9.420
13,62.540,9.230
0,63.480,8.920
8,65.430,7.740
16,66.020,7.460
8,66.310,7.280
0,76.610,7.360
0,89.180,7.340
8,98.130,7.290
16,98.540,7.470
8,99.300,7.850
0,101.490,9.440
13,101.610,9.470
12,101.610,9.470
0,126.490,9.680
0,139.560,9.730
25,156.860,9.640
0,161.760,10.800
0,168.480,11.380
3,175.900,14.830
14,177.030,14.854
0,178.340,14.900
14,179.950,14.850
0,180.850,14.830
8,181.890,14.270
2,182.400,13.950
18,182.400,14.181
2,182.400,13.950
8,182.860,13.750
25,191.540,10.270
0,198.580,10.130
0,200.650,10.090
0,219.200,10.090
0,244.470,10.010
0,245.780,9.710
0,246.470,9.710
0,248.600,8.870
0,267.230,8.780
2.800,220.000,14.677,14.842,-9999.000,-9999.000,76,11.130,-9999.000,10.350,0.000,0,20120220,8505080055,èØì‡êÏêÖån,ñÓìcêÏ
24,-15.640,11.130
0,-15.490,11.630
8,-15.290,11.630
0,-14.380,11.940
0,-10.570,13.700
8,-7.790,14.960
8,-7.390,14.960
0,-4.620,15.010
3,-1.320,14.930
0,-0.320,14.640
2,0.000,14.640
1,0.000,14.677
0,0.090,14.640
0,0.090,14.410
0,0.690,14.410
0,0.690,14.210
0,1.340,14.030
0,1.340,13.830
0,1.880,13.740
0,1.880,13.500
0,3.380,13.340
0,3.380,13.010
0,4.240,12.940
0,4.240,12.590
0,5.020,12.510
0,5.020,12.160
0,5.820,12.140
0,5.820,11.840
8,15.220,11.190
0,15.220,10.840
0,16.570,10.710
0,16.570,10.410
0,17.940,10.290
0,17.940,9.940
0,19.280,9.830
0,19.280,9.560
0,28.500,9.550
0,42.860,9.510
0,53.700,9.470
14,55.600,9.370
14,58.060,9.350
0,58.460,9.560
13,61.620,9.320
0,63.330,8.970
0,64.720,8.250
0,65.590,7.760
16,66.060,7.380
8,66.720,7.070
0,70.340,7.110
0,75.120,7.230
0,79.850,7.330
0,85.180,7.360
0,89.990,7.330
0,93.640,7.230
16,97.380,7.400
0,99.390,7.850
8,99.830,8.120
13,101.260,9.290
0,121.920,9.690
0,138.200,9.670
0,151.210,9.690
0,155.660,9.430
0,161.300,10.730
0,164.020,10.980
0,168.620,11.320
0,175.860,14.780
3,176.570,14.860
0,178.360,14.900
18,180.050,14.842
2,180.050,14.840
0,180.350,14.840
0,182.050,14.640
0,182.050,14.240
0,185.070,12.020
25,189.570,10.350
0,192.000,10.240
3.000,188.000,14.905,14.800,9.780,10.020,68,11.550,-9999.000,11.120,0.000,0,20161123,8505080055,èØì‡êÏêÖån,ñÓìcêÏ
0,-16.450,11.490
19,-15.720,11.580
24,-14.680,11.550
0,-14.550,12.050
8,-14.350,12.050
0,-8.720,15.210
22,-8.520,15.210
0,-8.320,15.210
14,-8.060,15.250
0,-4.940,15.310
14,-1.960,15.240
3,-1.470,15.220
0,-0.480,14.900
2,0.000,14.670
1,0.000,14.905
2,0.000,14.670
0,0.450,14.590
0,0.600,14.590
0,0.600,14.340
0,1.060,14.290
0,1.210,14.290
0,1.210,14.040
0,1.630,13.980
0,1.780,13.980
0,1.780,13.830
0,2.700,13.670
0,6.960,12.030
0,14.920,11.390
24,20.320,9.750
0,33.870,9.710
0,51.690,9.690
0,61.860,9.620
0,62.250,9.530
0,64.260,9.530
0,64.530,9.710
12,67.120,9.780
13,67.120,9.780
8,70.200,8.720
16,72.380,7.620
8,72.640,7.510
0,82.340,7.490
0,94.980,7.320
0,102.990,7.450
16,103.860,7.600
0,104.560,7.720
13,107.930,10.020
12,107.930,10.020
0,120.400,9.880
0,129.910,9.690
0,141.790,9.750
25,148.140,10.080
0,152.050,10.790
0,154.620,10.830
0,160.810,11.490
8,167.550,14.260
2,168.050,14.510
18,168.050,14.800
2,168.050,14.510
8,168.450,14.700
3,169.690,15.300
14,170.340,15.350
0,176.350,15.400
0,184.370,15.470
14,186.640,15.410
0,187.600,15.220
25,196.320,11.120
0,201.050,10.890
0,202.850,10.480
3.000,188.000,14.906,14.789,-9999.000,-9999.000,67,11.570,-9999.000,11.050,0.000,0,20120220,8505080055,èØì‡êÏêÖån,ñÓìcêÏ
0,-15.690,11.570
24,-14.690,11.570
0,-14.560,12.020
8,-14.360,12.020
0,-13.960,12.210
8,-8.390,15.230
0,-4.990,15.310
14,-1.720,15.230
3,-1.420,15.210
1,0.000,14.906
2,0.000,14.660
0,0.530,14.660
0,0.680,14.660
0,0.680,14.450
0,1.090,14.270
0,1.240,14.270
0,1.240,14.050
0,1.700,13.970
0,1.850,13.970
0,1.850,13.810
0,2.830,13.660
0,6.840,12.050
0,10.490,11.780
0,14.390,11.520
0,20.320,9.740
0,31.840,9.710
0,46.250,9.730
0,59.920,9.670
14,62.120,9.550
14,64.300,9.530
0,64.760,9.770
13,67.140,9.760
0,69.070,9.120
8,70.320,8.690
16,72.570,7.650
0,72.930,7.460
0,76.780,7.490
0,81.370,7.460
0,86.040,7.410
0,90.450,7.360
0,93.960,7.420
16,98.660,7.640
0,101.030,7.750
10,104.580,7.650
10,105.710,8.190
13,108.360,10.170
0,120.330,9.950
0,129.000,9.720
0,140.840,9.720
0,143.490,9.730
0,144.960,10.070
0,148.680,10.080
0,151.860,10.790
0,156.020,10.920
0,160.880,11.470
0,167.490,14.250
18,168.030,14.789
2,168.030,14.490
8,168.540,14.730
3,170.340,15.330
0,172.290,15.350
0,174.450,15.330
0,182.040,15.450
0,184.640,15.460
14,186.700,15.400
0,187.420,15.280
25,196.300,11.050
3.200,187.000,15.333,15.142,10.050,10.310,76,8.210,11.690,11.600,0.000,0,20161122,8505080055,èØì‡êÏêÖån,ñÓìcêÏ
0,-35.900,8.090
23,-34.020,8.210
0,-34.010,8.210
0,-33.610,8.210
24,-33.470,8.210
0,-33.230,9.010
8,-33.030,9.010
0,-32.050,9.150
0,-26.100,11.950
0,-20.080,12.250
0,-18.190,12.440
0,-16.240,13.110
0,-13.050,13.210
0,-8.320,15.520
22,-8.120,15.520
14,-7.970,15.520
0,-7.560,15.561
0,-3.950,15.610
14,-1.120,15.540
3,-0.820,15.470
8,-0.620,15.330
2,0.000,15.030
1,0.000,15.333
2,0.000,15.030
8,0.690,14.750
0,1.500,14.470
0,4.380,14.370
0,10.340,11.760
0,17.370,11.450
24,21.760,10.050
0,42.460,9.720
0,44.510,9.720
12,51.490,10.050
13,51.490,10.050
0,54.080,9.140
10,54.640,8.820
0,54.840,8.820
0,54.840,8.720
16,56.760,7.770
8,58.050,7.200
0,65.850,7.500
16,72.200,7.770
0,79.470,8.190
10,89.300,8.110
0,90.930,8.860
0,90.930,8.960
10,91.130,8.960
13,94.060,10.310
12,94.060,10.310
25,128.780,10.000
0,133.920,11.620
0,138.790,11.840
0,145.440,12.230
8,150.660,14.630
2,151.150,14.820
18,151.150,15.142
2,151.150,14.820
0,151.560,15.050
3,152.280,15.260
14,153.850,15.410
0,155.450,15.440
14,157.260,15.400
0,159.120,15.360
0,161.640,14.230
10,162.440,14.030
14,162.850,13.530
0,164.850,13.550
14,166.520,13.560
0,166.980,13.560
0,172.620,13.530
0,173.120,13.530
25,178.740,11.600
14,179.250,11.600
14,186.390,11.680
0,186.550,11.840
0,188.130,12.010
3.200,187.000,15.330,15.142,-9999.000,-9999.000,71,8.970,-9999.000,11.610,0.000,0,20120220,8505080055,èØì‡êÏêÖån,ñÓìcêÏ
24,-32.700,8.970
0,-31.640,9.100
0,-25.720,11.980
0,-20.260,12.270
0,-17.780,12.480
0,-16.260,13.120
0,-12.650,13.290
0,-8.680,15.030
0,-8.280,15.210
22,-7.880,15.210
0,-4.160,15.610
3,-0.980,15.520
0,-0.670,15.350
1,0.000,15.330
2,0.000,15.030
8,0.740,14.720
0,1.530,14.460
0,4.410,14.380
0,9.850,11.870
0,11.140,11.660
0,17.610,11.440
0,19.090,10.920
0,21.770,10.040
0,30.780,9.930
0,38.520,9.860
14,42.750,9.700
14,44.970,9.720
0,45.430,9.810
0,48.240,9.780
13,51.470,9.970
0,52.740,9.800
8,54.620,8.800
0,54.920,8.800
10,54.920,8.700
16,56.770,7.820
0,56.980,7.800
10,57.380,7.560
0,61.610,7.570
0,65.980,7.640
0,70.180,7.730
16,75.620,7.840
0,82.360,7.910
10,89.160,7.990
10,90.860,8.840
0,90.860,8.940
8,91.180,8.940
13,93.880,10.300
0,103.660,10.100
0,114.400,9.890
0,124.940,9.800
0,128.960,9.990
0,134.170,11.640
0,140.010,11.870
0,145.480,12.230
0,150.660,14.600
18,151.160,15.142
2,151.160,14.850
8,151.680,15.100
3,152.280,15.250
14,153.780,15.400
0,155.500,15.430
14,157.340,15.380
0,159.070,15.370
0,162.460,14.040
14,162.850,13.530
14,164.910,13.550
0,166.540,13.580
0,166.990,13.620
0,172.460,13.580
0,178.750,11.610
25,179.270,11.610
3.400,193.000,15.657,15.695,9.930,10.240,70,8.150,9.260,9.220,0.000,0,20161122,8505080055,èØì‡êÏêÖån,ñÓìcêÏ
0,-38.020,5.920
14,-31.500,5.920
0,-29.200,7.700
23,-26.840,7.800
23,-21.330,8.150
24,-21.030,8.150
0,-20.860,8.780
8,-20.730,8.780
0,-8.130,16.020
22,-7.690,16.110
14,-7.480,16.070
0,-4.500,16.110
14,-1.430,16.030
3,-1.110,16.000
8,-0.460,15.560
2,0.000,15.310
1,0.000,15.657
2,0.000,15.310
0,0.410,15.110
0,7.580,11.940
0,14.800,11.670
24,19.080,10.230
14,31.520,9.970
14,33.430,9.980
12,39.920,9.930
13,39.920,9.930
0,41.520,9.070
0,41.720,9.070
10,41.720,8.970
16,43.100,8.250
10,43.450,8.090
0,47.680,8.050
0,61.530,8.170
0,67.490,8.120
10,75.870,8.000
16,76.270,8.250
0,77.770,9.500
0,77.770,9.600
10,77.970,9.600
13,79.730,10.240
12,79.730,10.240
25,107.350,10.480
0,112.810,11.770
0,121.070,12.290
0,123.970,13.510
8,126.850,15.240
2,127.190,15.370
18,127.190,15.695
2,127.190,15.370
8,127.630,15.560
3,128.820,15.800
14,129.780,15.830
0,131.690,15.880
14,133.320,15.860
0,135.760,15.820
0,140.720,12.820
0,145.170,12.440
0,148.780,10.030
8,149.400,9.780
10,149.700,9.780
25,149.920,9.220
7,149.970,9.220
0,150.020,9.220
14,150.350,9.220
0,152.290,9.260
14,153.770,9.220
0,154.100,9.220
0,154.100,9.650
19,154.350,9.650
0,167.340,9.920
3.400,193.000,15.673,15.691,-9999.000,-9999.000,61,8.150,-9999.000,9.780,0.000,0,20120220,8505080055,èØì‡êÏêÖån,ñÓìcêÏ
24,-20.990,8.150
0,-20.840,8.750
8,-20.690,8.750
0,-13.920,12.840
0,-7.870,16.070
14,-7.550,16.070
0,-4.470,16.100
14,-1.430,16.040
3,-1.130,16.020
0,-0.420,15.560
1,0.000,15.673
0,0.000,15.360
2,0.420,15.110
0,7.000,12.010
0,8.670,11.840
0,14.890,11.660
0,19.070,10.220
0,28.360,10.080
14,31.250,9.940
14,33.460,9.950
0,34.030,10.030
13,38.300,10.020
0,40.010,9.840
8,41.360,9.110
0,41.710,9.110
10,41.710,9.010
16,43.400,8.110
10,43.620,8.010
0,47.420,7.990
0,52.830,8.030
16,56.030,8.110
0,57.680,8.160
16,59.570,8.140
0,64.110,7.990
0,68.080,7.890
0,71.870,7.910
0,75.580,7.920
16,76.130,8.160
0,77.830,9.010
0,77.830,9.110
8,78.030,9.110
13,80.530,10.350
0,94.230,10.460
0,103.750,10.460
0,107.550,10.490
0,112.770,11.770
0,121.070,12.300
8,126.740,15.270
18,127.200,15.691
2,127.200,15.380
8,127.740,15.500
3,128.440,15.770
14,129.740,15.820
0,131.390,15.880
0,133.540,15.850
14,135.440,15.890
0,140.510,12.860
0,145.110,12.500
25,149.390,9.780
0,149.890,9.780
5,150.080,9.190
3.600,-78.800,-9999.000,-9999.000,-9999.000,-9999.000,54,-9999.000,-9999.000,-9999.000,0.000,3,20161226,8505080055,èØì‡êÏêÖån,ñÓìcêÏ
0,-73.220,6.190
0,-70.330,6.200
0,-69.810,7.650
0,-69.610,7.650
23,-66.120,7.690
23,-63.600,7.690
0,-62.940,7.690
0,-62.440,7.690
10,-62.240,7.690
10,-61.980,9.300
8,-61.080,9.300
0,-60.430,9.430
0,-49.210,15.710
22,-49.010,15.710
14,-48.810,15.710
0,-46.020,15.750
14,-42.400,15.500
0,-34.650,11.980
0,-30.810,11.840
0,-27.960,10.330
10,-15.130,10.210
0,-12.330,10.190
0,-4.160,9.840
10,-4.090,9.830
0,-4.090,10.030
0,-3.960,10.030
0,-3.960,9.830
8,-1.760,9.680
1,0.000,9.630
16,1.720,8.740
0,1.980,8.630
0,33.540,8.620
16,33.720,8.740
8,35.570,9.650
0,38.050,10.500
0,45.910,10.660
0,64.400,10.870
0,67.230,12.100
0,68.600,12.130
0,75.360,12.370
0,80.190,14.940
0,80.440,14.980
14,81.000,15.160
0,82.890,15.320
14,84.590,15.310
22,84.610,15.310
0,90.010,13.020
0,92.280,12.800
8,94.810,11.480
0,95.310,11.480
8,95.860,10.680
0,95.900,10.680
0,96.300,10.680
23,99.930,10.680
1.275,31.560
3.600,207.000,15.348,15.134,-9999.000,-9999.000,73,8.280,-9999.000,10.310,0.000,0,20120220,8505080055,èØì‡êÏêÖån,ñÓìcêÏ
24,-24.410,8.280
0,-23.610,9.810
8,-23.110,9.810
8,-21.390,9.990
0,-16.110,12.890
0,-16.100,12.890
0,-15.210,12.920
8,-9.760,15.740
14,-9.420,15.790
0,-4.720,15.780
3,-1.190,15.640
0,-1.160,15.530
0,-0.910,15.530
0,-0.460,15.250
1,0.000,15.348
2,0.000,15.110
0,0.460,14.970
0,6.150,12.450
0,7.800,12.310
0,8.910,12.210
0,11.960,10.800
0,16.900,10.630
14,19.160,10.540
14,21.620,10.520
0,29.110,10.540
13,36.090,10.430
0,38.760,10.190
8,40.600,9.840
0,41.590,9.760
0,42.090,9.710
0,42.090,9.510
0,42.610,9.470
0,42.610,9.270
0,43.080,9.220
8,43.080,9.020
16,43.300,8.840
0,43.900,8.720
0,43.900,8.520
0,47.420,8.570
0,47.420,8.370
0,51.120,8.590
0,51.120,8.390
0,54.940,8.540
0,59.070,8.370
0,62.790,8.290
0,66.920,8.250
0,70.450,8.190
0,72.990,8.070
9,73.840,8.040
16,75.390,8.870
9,77.410,9.960
0,78.010,10.040
13,79.030,10.680
0,89.650,10.960
0,99.980,11.000
0,105.830,11.060
0,109.520,12.450
0,117.450,12.630
0,121.750,14.350
18,122.320,15.134
2,122.320,14.780
0,122.500,14.900
0,122.650,15.050
3,123.550,15.500
0,124.080,15.600
0,125.730,15.680
14,127.480,12.230
22,127.780,12.230
0,136.890,11.320
8,138.910,11.090
0,139.410,11.090
25,139.690,10.310
5,139.840,10.310
3.800,15.000,15.820,16.200,-9999.000,-9999.000,34,-9999.000,-9999.000,-9999.000,0.000,1,20161226,8505080055,èØì‡êÏêÖån,ñÓìcêÏ
0,-19.400,16.640
0,-7.730,17.090
8,-3.400,17.020
0,-1.600,17.020
0,-1.600,15.820
1,0.000,15.820
0,0.000,14.470
8,16.430,10.630
14,22.510,10.720
14,30.020,10.750
0,34.080,10.520
8,36.940,10.490
0,41.200,10.320
13,43.760,10.220
16,45.870,9.130
8,47.020,8.600
0,64.600,8.660
0,69.350,8.830
16,74.870,9.130
0,78.100,9.180
0,80.430,9.260
0,83.170,10.240
0,85.000,10.350
13,86.490,10.720
0,99.780,11.110
0,111.360,11.150
8,111.860,11.090
0,126.860,14.700
18,126.860,16.200
0,128.460,16.200
0,128.460,17.400
8,128.960,17.400
0,131.890,17.560
0,137.490,17.160
éOäKã¥,3.000,2
3.800,167.000,15.970,15.451,-9999.000,-9999.000,75,16.060,9.440,13.120,0.000,0,20120224,8505080055,èØì‡êÏêÖån,ñÓìcêÏ
24,-12.370,16.060
0,-9.120,16.140
0,-5.800,16.190
0,-5.270,16.100
14,-4.640,16.050
0,-2.290,16.080
14,-0.870,16.050
0,-0.470,16.050
3,-0.470,15.870
0,0.000,15.670
1,0.000,15.970
2,0.000,15.670
0,0.490,15.340
0,1.710,14.810
0,1.710,14.610
0,1.710,14.460
0,2.010,14.460
14,3.120,14.250
0,3.490,14.190
0,6.470,12.780
8,6.640,12.790
14,10.420,12.390
0,11.020,12.360
8,11.020,12.260
0,13.800,10.630
0,14.300,10.630
0,14.300,10.730
8,20.360,10.630
8,24.730,10.740
0,28.640,10.730
14,32.300,10.730
8,35.830,10.530
0,38.560,10.500
0,40.190,10.680
13,43.770,10.680
0,44.850,10.210
16,48.780,8.690
0,49.780,8.290
0,52.680,8.340
0,55.060,8.330
0,56.630,8.300
0,63.300,8.490
0,68.590,8.210
0,75.950,8.040
0,78.460,8.120
16,79.790,8.700
0,80.220,8.950
0,83.510,10.240
13,84.300,10.600
0,95.590,10.680
0,97.280,11.010
0,103.170,11.060
0,112.030,11.060
0,114.490,10.840
0,118.160,12.510
8,126.330,12.820
0,131.640,15.260
18,131.640,15.451
2,131.640,15.260
3,132.300,15.670
0,132.600,15.670
19,134.790,15.790
8,135.630,15.800
0,136.600,15.850
0,138.250,16.800
0,144.290,16.680
0,145.530,16.120
0,146.950,16.050
0,147.150,16.050
0,147.350,16.050
0,150.420,16.090
14,153.590,16.090
0,153.790,16.090
0,153.990,16.090
25,160.070,13.120
4.000,195.000,16.367,15.700,10.840,10.720,83,9.370,13.850,13.940,0.000,0,20161122,8505080055,èØì‡êÏêÖån,ñÓìcêÏ
0,-37.210,9.190
24,-32.450,9.370
10,-32.080,10.140
8,-31.440,10.130
0,-26.690,10.300
0,-8.930,16.360
0,-8.930,17.310
0,-8.570,17.310
0,-8.570,16.580
0,-8.520,16.580
0,-8.320,16.330
0,-8.320,16.270
14,-7.900,16.270
0,-7.860,16.350
0,-4.840,16.410
0,-1.600,16.410
2,0.000,16.360
1,0.000,16.367
2,0.000,16.360
14,0.760,16.310
22,0.960,16.310
3,1.160,16.310
0,1.460,16.190
0,6.080,13.780
10,8.490,13.580
0,8.790,13.580
0,8.790,13.480
10,11.270,12.330
0,12.260,11.960
0,12.460,11.960
24,12.460,11.780
0,15.750,11.720
14,18.820,11.620
22,19.300,11.840
0,19.520,11.830
0,20.930,11.250
14,28.920,11.070
0,32.510,11.070
14,35.750,11.050
0,43.630,10.990
12,57.370,10.840
13,57.370,10.840
8,58.500,10.190
16,60.090,9.340
8,60.440,9.160
0,62.090,8.960
0,66.070,9.020
0,73.470,9.170
16,80.820,9.340
0,83.970,9.370
16,87.990,9.350
0,91.850,9.330
8,94.020,9.180
16,94.300,9.340
13,97.040,10.720
12,97.040,10.720
0,98.120,10.730
0,98.120,10.830
0,98.520,10.830
0,98.550,11.080
8,98.650,11.080
0,100.550,11.140
14,102.020,10.920
14,104.320,10.920
0,105.000,11.110
25,132.090,11.470
0,134.980,12.500
0,140.640,12.730
8,148.360,15.200
2,148.880,15.430
18,148.880,15.700
2,148.880,15.430
8,149.400,15.670
3,149.950,16.160
14,150.310,16.230
0,152.420,16.230
0,154.460,16.190
0,154.610,16.310
0,154.730,16.310
14,154.730,16.160
25,160.170,13.940
0,161.000,13.850
23,161.040,13.850
4.000,195.000,15.532,15.706,-9999.000,-9999.000,58,9.900,8.880,12.780,0.000,0,20120220,8505080055,èØì‡êÏêÖån,ñÓìcêÏ
0,-4.210,15.680
0,-1.910,16.020
3,-1.240,15.950
1,0.000,15.532
2,0.000,15.290
0,3.320,13.790
8,5.910,13.620
0,6.210,13.620
10,6.210,13.520
10,9.560,12.020
0,9.860,11.820
0,13.240,11.770
14,16.360,11.680
0,16.600,11.850
22,16.790,11.870
0,17.210,11.780
0,18.660,11.250
0,24.670,11.140
14,26.240,11.100
0,30.100,11.110
14,33.500,11.080
0,41.340,11.010
13,55.220,10.770
0,56.040,10.230
16,57.630,9.370
8,57.910,9.290
0,60.370,9.240
0,63.150,9.340
0,65.010,9.300
0,67.800,9.370
0,73.910,9.290
0,79.380,9.200
0,84.300,9.150
0,88.900,9.160
8,91.260,9.160
16,91.720,9.380
0,94.550,10.740
13,96.020,11.070
0,98.380,11.080
14,99.370,10.890
14,101.950,10.940
0,102.410,11.040
0,116.160,11.120
0,129.240,11.420
0,145.920,15.240
18,146.380,15.706
2,146.380,15.420
0,146.820,15.590
0,147.030,15.670
3,147.630,16.220
0,150.230,16.230
0,151.920,16.200
0,152.030,16.300
0,152.130,16.300
0,152.130,16.200
14,152.230,16.200
25,154.220,12.780
0,159.640,12.600
4.200,195.000,16.228,15.902,10.940,10.910,88,9.310,9.740,9.780,0.000,0,20161122,8505080055,èØì‡êÏêÖån,ñÓìcêÏ
0,-32.230,9.230
14,-27.520,9.220
0,-24.480,9.350
14,-21.950,9.310
0,-21.800,9.310
0,-21.400,9.310
7,-21.350,9.310
24,-21.250,9.310
10,-20.940,9.830
0,-19.120,10.160
0,-13.410,13.160
0,-7.610,16.420
22,-7.410,16.420
14,-7.010,16.420
0,-3.950,16.490
3,-0.710,16.400
22,-0.560,16.330
2,0.000,16.010
1,0.000,16.228
2,0.000,16.010
8,0.440,15.750
0,2.100,14.930
10,2.800,14.800
10,2.980,14.530
8,4.980,14.420
0,6.860,13.750
0,12.040,13.450
24,19.160,11.430
0,28.150,11.410
0,45.500,11.420
0,46.640,11.280
0,49.210,11.280
0,50.320,11.420
0,69.750,11.340
14,70.960,11.150
14,73.050,11.140
0,74.350,11.210
8,78.700,11.290
0,78.800,11.290
0,79.100,11.040
0,79.500,11.040
0,79.500,10.940
12,80.500,10.940
13,80.500,10.940
16,83.060,9.640
8,83.170,9.580
0,99.230,9.560
0,109.190,9.250
0,115.590,9.310
16,116.040,9.530
13,118.810,10.910
12,118.810,10.910
0,119.870,10.980
0,119.870,11.080
0,120.270,11.080
0,120.300,11.330
8,120.400,11.330
0,122.450,11.390
14,122.770,11.110
14,124.710,11.120
0,124.990,11.360
0,140.380,11.360
0,160.280,11.420
25,178.300,11.630
0,181.470,13.120
0,195.060,13.430
8,198.870,15.160
2,199.700,15.540
18,199.700,15.902
2,199.700,15.540
3,200.580,15.980
14,201.680,16.030
0,203.860,16.080
14,205.610,16.030
0,206.310,16.000
0,210.620,13.760
0,212.380,13.570
0,218.180,10.840
8,220.500,10.590
10,221.000,10.590
25,221.470,9.780
0,221.580,9.780
7,221.980,9.780
0,222.030,9.780
0,222.030,11.300
0,222.150,11.300
0,222.150,10.420
0,224.940,10.370
4.200,195.000,16.229,15.902,-9999.000,-9999.000,73,9.270,9.790,9.770,0.000,0,20120220,8505080055,èØì‡êÏêÖån,ñÓìcêÏ
24,-21.250,9.270
8,-20.920,9.790
0,-19.700,9.930
0,-9.520,15.160
0,-7.010,16.430
0,-4.730,16.480
0,-4.530,16.480
14,-3.980,16.480
3,-0.820,16.410
22,-0.650,16.380
1,0.000,16.229
2,0.000,15.930
0,0.480,15.470
0,2.100,14.930
10,2.880,14.800
10,3.060,14.520
14,5.130,14.400
0,5.490,14.380
0,6.930,13.730
0,9.920,13.500
0,12.280,13.420
0,18.200,11.740
0,19.720,11.490
0,29.940,11.400
0,46.160,11.420
14,47.380,11.280
0,48.570,11.270
14,49.720,11.270
0,50.510,11.390
0,61.270,11.410
0,69.760,11.390
14,71.100,11.160
0,73.600,11.140
0,74.160,11.350
0,79.220,11.300
13,79.280,11.300
0,79.370,11.140
0,80.750,11.070
16,83.240,9.660
8,83.530,9.550
0,87.630,9.580
0,92.730,9.560
0,98.300,9.540
0,104.780,9.500
0,110.130,9.530
8,115.310,9.430
16,115.710,9.630
0,118.940,10.990
0,120.280,11.060
13,120.390,11.290
0,122.330,11.400
14,122.800,11.100
14,124.750,11.120
0,125.490,11.430
0,146.410,11.350
0,163.020,11.390
0,178.190,11.620
0,181.670,13.150
0,195.100,13.430
18,199.730,15.902
2,199.730,15.550
3,200.640,16.020
14,201.740,16.020
0,203.730,16.070
14,205.750,16.030
0,206.210,16.030
0,210.670,13.780
0,212.350,13.610
0,218.160,10.840
8,220.620,10.600
0,221.150,10.600
25,221.570,9.770
0,221.720,9.770
4.400,206.000,16.120,16.105,11.270,11.270,92,12.150,9.230,9.380,0.000,0,20161122,8505080055,èØì‡êÏêÖån,ñÓìcêÏ
0,-49.790,10.010
0,-47.510,9.840
14,-47.180,9.840
0,-44.300,9.900
14,-41.550,9.860
0,-41.220,9.860
0,-41.220,11.010
0,-41.060,11.010
0,-41.060,10.960
0,-37.300,10.920
0,-34.360,10.920
0,-34.360,11.030
0,-33.300,11.030
0,-33.300,10.870
0,-29.380,10.860
0,-29.120,10.860
0,-28.920,11.540
19,-23.560,12.020
7,-23.290,12.100
24,-22.700,12.150
0,-22.310,12.830
8,-22.110,12.830
0,-21.190,12.960
0,-18.450,14.150
0,-16.170,14.300
0,-10.930,16.920
22,-10.780,16.920
14,-10.630,16.920
0,-7.070,16.940
14,-3.490,16.850
22,-3.290,16.850
0,-3.090,16.850
3,-2.420,16.810
8,-0.400,16.020
2,0.000,15.800
1,0.000,16.120
2,0.000,15.800
8,0.410,15.570
0,3.410,14.100
0,8.050,13.920
24,13.030,11.970
0,30.390,11.860
0,48.270,11.600
14,53.510,11.410
14,55.780,11.400
0,57.090,11.570
8,61.650,11.560
0,61.750,11.560
0,61.780,11.310
12,63.170,11.270
13,63.170,11.270
16,65.970,9.910
8,66.470,9.600
0,70.720,9.720
0,79.340,9.860
0,87.970,9.760
0,93.510,9.660
8,97.290,9.590
16,98.040,9.940
13,100.690,11.270
12,100.690,11.270
0,102.200,11.310
0,102.230,11.560
8,102.330,11.560
0,107.150,11.520
14,107.430,11.370
14,109.510,11.380
0,109.640,11.480
0,119.690,11.600
25,134.720,11.880
0,138.690,13.160
0,142.220,13.340
0,142.370,13.340
0,144.040,13.460
0,150.100,13.520
8,154.150,15.330
2,154.990,15.740
18,154.990,16.105
2,154.990,15.740
3,155.910,16.210
14,156.570,16.220
0,158.550,16.250
14,160.500,16.190
0,161.050,16.140
0,165.330,13.970
0,166.910,13.830
8,174.340,10.210
10,174.790,10.210
25,175.260,9.380
0,175.360,9.380
7,175.690,9.380
0,185.350,9.200
4.400,206.000,16.112,16.106,-9999.000,-9999.000,76,12.090,9.300,9.380,0.000,0,20120220,8505080055,èØì‡êÏêÖån,ñÓìcêÏ
24,-22.450,12.090
0,-22.150,12.820
8,-21.950,12.820
0,-21.200,12.910
0,-18.350,14.120
0,-15.970,14.280
0,-12.700,16.970
0,-11.020,16.900
0,-10.820,16.900
8,-10.620,16.900
0,-7.100,16.930
0,-3.450,16.840
3,-3.050,16.840
0,-2.280,16.750
0,-0.440,16.020
1,0.000,16.112
2,0.000,15.800
0,0.440,15.580
0,3.400,14.100
0,4.620,13.960
0,8.030,13.900
0,12.610,12.000
0,13.940,11.970
0,20.950,11.860
8,22.180,11.710
8,24.350,11.720
0,26.440,11.840
0,37.340,11.730
0,49.630,11.570
14,53.680,11.400
0,54.920,11.390
14,56.000,11.400
0,56.770,11.490
8,61.680,11.510
0,61.720,11.560
0,61.780,11.560
0,61.840,11.340
13,63.220,11.280
16,65.980,9.900
8,66.460,9.670
0,69.300,9.690
0,72.450,9.730
0,76.270,9.770
0,80.330,9.780
0,84.250,9.830
0,89.030,9.830
0,93.560,9.820
8,97.730,9.800
16,98.190,9.910
0,100.860,11.290
0,102.260,11.330
13,102.390,11.570
0,107.150,11.550
14,107.590,11.420
14,109.720,11.420
0,109.910,11.510
0,123.960,11.710
0,135.280,12.010
0,139.360,13.290
0,142.770,13.470
0,151.050,14.170
0,154.110,15.310
18,155.010,16.106
2,155.010,15.760
0,155.910,16.150
3,155.990,16.240
14,156.590,16.240
0,158.570,16.260
14,160.520,16.200
0,161.050,16.160
0,165.200,14.030
0,166.890,13.860
8,174.300,10.230
0,174.830,10.200
0,175.350,9.380
25,175.500,9.380
4.600,172.000,16.601,16.019,11.860,11.350,93,13.400,10.180,10.880,0.000,0,20161122,8505080055,èØì‡êÏêÖån,ñÓìcêÏ
0,-25.910,12.970
7,-18.620,13.400
24,-18.220,13.400
0,-18.030,13.960
8,-17.830,13.960
0,-17.150,14.070
0,-14.920,15.030
0,-11.600,15.270
22,-7.940,16.950
14,-7.760,17.000
0,-4.540,17.080
0,-1.130,16.970
14,-1.130,16.860
22,-0.930,16.860
0,-0.730,16.860
3,-0.730,16.780
8,-0.350,16.390
2,0.000,16.290
1,0.000,16.601
2,0.000,16.290
0,0.470,16.070
0,4.580,14.220
0,7.240,14.100
24,12.900,11.920
0,29.060,11.730
0,45.900,11.720
14,50.660,11.570
14,53.080,11.530
0,53.410,11.650
8,56.220,11.790
0,56.250,11.860
12,56.350,11.860
13,56.380,11.710
0,57.860,11.330
8,59.300,10.760
0,62.440,10.730
0,62.730,10.510
0,64.060,10.580
0,64.950,10.310
0,68.670,10.180
16,69.080,10.020
0,73.190,9.920
0,80.840,9.900
0,88.700,9.760
8,92.230,9.690
0,92.430,9.690
16,92.980,9.990
13,95.770,11.350
12,95.770,11.350
0,96.780,11.400
0,96.780,11.500
0,97.180,11.500
0,97.210,11.750
8,97.310,11.750
0,101.160,11.710
14,101.360,11.550
14,103.390,11.560
0,103.720,11.700
25,120.480,11.750
0,125.060,13.550
0,128.240,13.800
0,128.390,13.800
0,130.430,13.940
0,139.050,14.050
8,141.710,15.270
2,142.570,15.710
18,142.570,16.019
2,142.570,15.710
14,143.370,16.190
3,143.810,16.350
14,144.500,16.370
0,146.810,16.360
14,148.750,16.290
0,149.160,16.250
0,149.500,16.190
0,154.710,13.690
14,154.960,13.650
0,156.200,13.680
14,157.450,13.610
0,157.950,13.530
0,161.050,11.790
0,161.300,11.630
0,161.630,11.630
10,161.960,11.600
25,162.380,10.880
7,162.480,10.880
0,164.290,10.550
0,165.450,10.560
0,165.780,10.560
0,165.780,11.060
0,165.880,11.060
0,165.880,10.260
0,171.990,10.260
4.600,172.000,16.601,16.020,-9999.000,-9999.000,72,13.520,10.330,11.800,0.000,0,20120220,8505080055,èØì‡êÏêÖån,ñÓìcêÏ
24,-18.330,13.520
0,-18.130,13.970
0,-17.930,13.970
0,-14.830,15.040
0,-11.830,15.230
0,-8.080,16.980
0,-4.660,17.070
3,-1.160,16.980
0,-0.730,16.580
0,-0.430,16.580
0,-0.430,16.490
0,0.000,16.290
1,0.000,16.601
2,0.000,16.290
0,4.520,14.220
0,7.220,14.110
0,12.580,11.940
0,13.540,11.900
0,14.440,11.920
0,19.510,11.860
8,20.630,11.770
8,22.970,11.760
0,33.790,11.660
0,44.250,11.680
14,50.390,11.590
0,52.100,11.560
14,53.160,11.550
0,53.550,11.640
8,56.320,11.770
0,56.370,11.820
13,56.430,11.820
8,56.460,11.690
8,57.650,11.400
0,57.850,11.400
8,59.410,10.720
0,64.690,10.680
0,70.810,10.500
16,78.330,10.010
0,81.180,9.740
0,83.850,9.580
0,87.050,9.460
0,89.620,9.370
8,91.560,9.300
16,92.910,10.000
0,95.840,11.450
0,97.250,11.540
13,97.380,11.760
0,100.490,11.790
14,101.490,11.560
14,103.450,11.570
0,103.940,11.690
0,112.840,11.730
0,120.560,11.750
0,125.290,13.610
0,127.740,13.690
0,128.300,13.800
0,139.280,14.120
0,141.690,15.240
0,142.590,15.740
18,142.590,16.020
2,142.590,15.740
0,143.490,16.240
3,143.780,16.350
14,144.600,16.370
0,147.190,16.360
14,148.890,16.300
8,154.590,13.740
14,157.480,13.710
25,161.210,11.800
8,161.630,11.640
5,161.920,11.620
10,162.220,10.930
4.800,211.000,16.551,16.499,11.970,11.610,86,11.690,11.930,11.980,0.000,0,20161117,8505080055,èØì‡êÏêÖån,ñÓìcêÏ
0,-24.720,11.760
0,-23.310,11.760
0,-23.310,11.790
19,-23.210,11.790
0,-23.110,11.790
0,-23.110,11.670
24,-22.330,11.690
0,-22.230,12.150
8,-22.030,12.150
0,-21.540,12.240
0,-17.090,14.200
0,-14.180,14.420
0,-8.550,17.280
22,-8.450,17.280
14,-8.140,17.290
0,-4.980,17.350
0,-1.860,17.240
3,-1.680,17.150
22,-1.460,17.070
8,-0.840,16.670
2,0.000,16.180
1,0.000,16.551
2,0.000,16.180
8,0.790,15.710
0,4.370,14.410
0,7.160,14.250
0,10.430,13.950
24,17.600,12.190
0,29.880,12.020
0,42.900,11.950
14,44.110,11.780
14,46.350,11.790
0,46.820,11.890
8,52.220,11.970
0,52.240,12.030
0,52.340,12.030
8,52.370,11.880
12,53.790,11.970
13,53.790,11.970
0,55.740,11.360
0,57.230,10.550
0,71.160,10.670
16,72.600,10.390
0,74.220,9.930
0,76.160,9.770
0,81.100,9.700
8,87.010,9.740
16,88.400,10.370
0,89.270,10.850
0,89.270,10.950
0,89.920,10.950
0,91.070,11.510
13,91.070,11.610
12,91.070,11.610
10,91.470,11.610
0,91.500,11.850
8,91.600,11.850
0,93.590,11.860
14,93.810,11.660
14,95.880,11.670
0,96.180,11.870
0,105.180,11.840
25,120.320,11.900
0,125.280,13.290
0,127.520,14.220
0,136.910,14.570
8,139.470,15.740
2,140.340,16.170
18,140.340,16.499
2,140.340,16.170
0,141.170,16.620
3,141.510,16.770
14,142.800,16.820
0,144.890,16.850
0,146.890,16.870
0,146.990,17.000
0,147.080,17.010
14,147.280,16.890
0,152.240,14.430
0,153.330,14.230
0,156.240,12.870
8,156.830,12.490
10,157.330,12.490
25,157.740,11.980
7,159.560,11.970
0,162.480,11.930
4.800,211.000,16.550,16.497,-9999.000,-9999.000,73,11.740,10.750,11.980,0.000,0,20120220,8505080055,èØì‡êÏêÖån,ñÓìcêÏ
24,-22.330,11.740
0,-22.180,12.170
8,-21.980,12.170
0,-17.220,14.170
0,-13.990,14.470
14,-8.350,17.290
0,-4.990,17.350
3,-1.830,17.250
22,-1.450,17.090
0,-0.890,16.520
1,0.000,16.550
2,0.000,16.070
0,0.900,15.590
0,2.080,15.120
0,3.870,14.480
0,6.510,14.370
0,7.790,14.130
0,10.530,13.970
0,14.780,12.730
0,17.990,12.170
0,28.950,12.020
0,42.910,11.950
14,44.050,11.810
14,46.570,11.790
0,47.930,11.890
8,52.310,11.920
13,54.410,11.840
0,56.840,10.930
0,57.340,10.450
0,62.110,10.450
0,66.200,10.400
0,69.810,10.700
0,72.250,10.700
0,73.440,10.440
16,75.370,10.340
0,78.100,10.090
0,80.640,9.950
0,83.750,9.910
10,87.220,9.890
16,88.240,10.350
10,89.120,10.840
0,89.310,10.850
8,89.310,10.950
0,89.950,10.990
0,91.120,11.620
13,91.670,11.880
0,93.540,11.890
0,93.840,11.680
14,95.790,11.680
14,96.130,11.880
0,108.960,11.800
0,119.910,11.880
0,125.640,13.420
9,127.560,14.230
0,130.070,14.410
0,131.760,14.530
0,137.000,14.590
0,139.460,15.630
18,140.350,16.497
2,140.350,16.200
0,141.260,16.580
3,141.560,16.730
14,142.730,16.810
0,144.960,16.860
0,146.960,16.910
0,146.960,16.990
14,147.160,16.990
0,147.160,16.910
0,152.120,14.410
0,153.150,14.240
10,156.590,12.650
0,157.230,12.650
25,157.540,11.980
5.000,100.000,18.040,17.400,-9999.000,-9999.000,47,-9999.000,-9999.000,-9999.000,0.000,1,20161226,8505080055,èØì‡êÏêÖån,ñÓìcêÏ
0,-15.430,20.270
14,-12.580,20.590
0,-8.960,20.630
14,-5.580,20.670
8,-3.000,20.840
0,-1.200,20.840
0,-1.200,18.040
1,0.000,18.040
0,0.000,15.370
0,1.700,14.690
0,1.730,14.680
0,1.780,14.580
0,12.740,14.160
8,17.190,12.040
8,21.980,12.060
0,41.230,11.930
8,41.270,11.860
13,42.150,11.870
0,44.000,11.260
16,44.630,10.950
0,45.920,10.220
0,66.440,10.480
0,72.930,10.770
8,77.420,10.920
16,77.480,10.950
13,79.350,11.920
0,79.630,11.950
0,79.690,12.290
0,79.810,12.290
0,79.860,11.960
8,80.810,11.980
0,80.860,12.090
0,94.370,12.140
8,117.590,12.330
0,121.610,14.300
0,132.830,14.670
0,132.890,14.670
0,134.520,15.550
18,134.520,17.400
0,135.720,17.400
0,135.720,20.300
0,137.220,20.300
8,138.950,20.020
14,139.200,20.000
0,143.770,19.910
14,148.170,19.800
0,152.160,19.720
ìVê_ã¥,2.000,2
5.000,203.000,17.493,16.950,-9999.000,-9999.000,72,13.630,10.200,11.170,0.000,0,20120220,8505080055,èØì‡êÏêÖån,ñÓìcêÏ
24,-17.650,13.630
0,-14.370,15.070
0,-12.590,15.300
22,-9.120,16.970
0,-7.510,17.930
3,-4.260,17.960
1,0.000,17.493
2,0.000,17.210
0,2.710,15.900
0,3.700,15.770
0,4.050,15.620
14,6.930,15.520
0,10.270,15.490
14,11.080,15.360
0,11.820,15.010
8,13.610,14.170
0,17.540,14.000
0,21.180,12.270
8,30.980,12.190
0,35.430,12.000
14,44.160,11.840
14,44.760,11.850
13,45.660,11.740
16,46.500,11.180
10,47.110,10.780
0,47.430,10.590
10,50.660,10.510
0,54.120,10.560
0,58.020,10.610
0,62.980,10.640
0,67.760,10.690
0,73.330,10.690
0,77.300,10.680
0,79.600,10.630
10,79.880,10.740
16,80.500,11.090
8,80.600,11.180
0,80.920,11.210
0,81.070,11.650
13,82.020,11.930
8,82.880,11.920
14,86.350,11.910
0,89.510,12.570
0,94.150,12.560
0,105.710,12.460
0,117.220,12.560
0,119.430,14.070
0,120.360,14.100
0,122.210,15.020
0,123.930,15.170
14,129.930,15.210
14,133.980,15.330
0,135.920,16.230
18,136.820,16.950
2,136.820,16.650
0,137.720,17.080
3,138.120,17.270
14,140.200,17.230
0,143.480,17.290
0,146.190,17.230
14,146.350,17.240
0,147.080,17.230
0,151.340,15.400
14,151.700,14.870
0,155.160,14.820
0,158.250,14.780
14,161.040,14.780
22,161.460,14.790
0,162.540,14.730
8,166.240,13.100
0,166.870,13.070
25,167.550,11.170
5.200,209.000,18.063,17.515,12.210,12.300,107,14.300,12.200,12.240,0.000,0,20161117,8505080055,èØì‡êÏêÖån,ñÓìcêÏ
0,-33.720,14.190
14,-33.390,14.220
0,-31.120,14.340
0,-28.150,14.300
14,-27.820,14.300
25,-27.600,14.300
10,-27.310,15.090
8,-26.760,15.090
0,-24.490,16.430
0,-16.280,16.170
0,-13.600,16.930
0,-9.970,17.150
0,-9.610,18.370
0,-7.840,18.540
22,-7.640,18.540
14,-7.440,18.540
0,-4.410,18.600
14,-1.420,18.600
3,-1.060,18.630
8,-0.390,17.980
2,0.000,17.730
1,0.000,18.063
2,0.000,17.730
0,4.950,15.370
0,11.020,15.120
0,15.310,14.070
9,17.200,13.570
24,18.560,12.670
0,22.960,12.360
14,23.200,12.340
0,25.110,12.300
0,27.470,12.260
0,27.650,12.330
0,28.010,12.320
0,28.100,12.250
14,29.910,12.230
0,30.370,12.380
14,39.780,12.170
0,40.840,12.060
14,43.360,12.000
0,44.780,12.150
0,44.800,12.210
12,44.900,12.210
0,44.920,12.130
13,45.190,12.080
0,46.290,11.510
0,54.060,11.370
0,56.020,11.420
16,56.980,11.060
0,59.320,10.620
0,62.480,10.600
0,68.060,10.570
0,75.740,10.620
10,79.700,10.680
16,80.520,11.080
10,82.560,12.100
13,82.560,12.200
0,82.940,12.200
12,82.970,12.300
8,83.070,12.300
0,84.200,12.290
14,84.660,12.070
14,87.070,12.130
0,87.230,12.390
0,88.440,12.590
0,104.200,12.360
25,118.510,12.580
0,120.580,13.650
0,120.580,13.750
10,121.280,13.750
0,124.560,15.020
0,133.810,15.170
8,137.860,17.090
2,138.200,17.190
18,138.200,17.515
2,138.200,17.190
8,138.520,17.390
3,139.330,17.790
14,139.890,17.890
0,143.450,17.950
14,146.900,17.890
22,147.150,17.880
0,147.560,17.880
0,148.560,17.830
0,152.990,16.660
10,153.770,16.620
14,154.140,16.070
0,157.810,15.940
14,161.470,15.790
22,161.710,15.790
0,162.150,15.790
0,162.290,15.760
0,165.330,14.300
10,166.530,14.290
10,166.790,13.760
0,166.820,13.760
14,167.150,13.730
0,169.940,13.770
14,172.660,13.700
22,172.810,13.700
0,173.090,13.690
0,173.090,13.360
0,173.390,13.330
8,174.230,12.810
0,174.530,12.810
25,174.530,12.240
0,175.090,12.240
5.200,209.000,18.061,17.520,-9999.000,-9999.000,70,14.420,10.140,15.710,0.000,0,20120216,8505080055,èØì‡êÏêÖån,ñÓìcêÏ
24,-27.300,14.420
14,-26.510,15.090
10,-14.660,15.240
10,-14.380,15.710
0,-14.120,15.770
0,-7.860,18.600
22,-7.520,18.590
14,-7.350,18.570
0,-4.400,18.600
3,-1.380,18.520
0,-0.990,18.470
1,0.000,18.061
2,0.000,17.770
0,4.960,15.390
0,10.740,15.160
0,11.950,14.890
0,15.070,13.730
9,17.160,13.580
9,18.690,12.630
14,22.990,12.370
14,29.700,12.240
0,30.150,12.350
0,37.910,12.220
14,40.700,12.090
14,43.330,12.060
0,43.560,12.240
14,44.060,12.030
0,44.810,12.000
0,44.810,12.245
0,44.910,12.250
13,44.910,12.000
8,45.240,11.990
0,45.950,11.790
8,46.950,11.350
0,48.990,11.210
0,53.830,11.280
16,63.070,11.110
0,66.440,10.980
0,69.630,10.780
0,73.050,10.760
0,76.380,10.750
10,79.780,10.800
16,80.430,11.130
8,80.770,11.320
0,81.050,11.430
0,82.440,11.970
13,83.080,12.080
0,84.290,12.100
14,86.850,12.150
0,87.090,12.290
0,88.610,12.680
0,96.470,12.420
0,107.070,12.410
10,118.460,12.640
8,120.630,13.640
8,121.290,13.760
0,124.730,15.060
0,129.120,15.160
0,133.760,15.220
8,138.110,17.170
18,138.210,17.520
2,138.210,17.200
8,138.610,17.470
3,139.730,17.860
0,142.260,17.950
14,145.280,17.920
0,146.160,17.880
25,149.350,15.710
0,151.480,15.500
0,157.899,12.587
5.400,210.000,18.226,17.555,12.130,12.160,97,14.580,10.140,10.660,0.000,0,20161117,8505080055,èØì‡êÏêÖån,ñÓìcêÏ
0,-27.580,15.200
0,-17.720,15.000
19,-17.700,15.000
0,-17.600,15.000
0,-17.600,14.580
0,-17.200,14.580
24,-17.080,14.580
10,-16.590,15.390
8,-16.290,15.390
0,-14.870,15.560
0,-8.010,18.870
22,-7.810,18.870
14,-7.610,18.870
0,-4.640,18.920
14,-1.540,18.850
3,-1.240,18.760
8,-0.410,18.130
2,0.000,17.950
1,0.000,18.226
2,0.000,17.950
0,4.720,15.610
0,8.900,15.330
0,13.130,13.960
8,14.690,13.860
0,15.590,13.860
10,15.590,13.760
24,17.950,12.660
14,24.000,12.540
0,28.560,12.420
0,28.680,12.420
14,30.630,12.380
0,40.060,13.000
0,47.050,12.510
8,48.890,12.130
12,49.140,12.130
13,49.140,12.130
0,49.140,12.040
8,50.310,11.500
0,50.910,11.500
16,50.910,11.400
10,51.600,11.040
0,54.270,11.110
0,59.860,11.140
0,65.940,11.160
0,72.710,11.280
16,76.720,11.410
0,79.140,11.360
16,80.790,11.210
0,82.450,10.850
10,83.520,10.760
16,84.530,11.220
0,85.060,11.500
0,85.060,11.600
0,85.260,11.600
0,86.770,12.060
13,86.770,12.160
12,86.770,12.160
0,87.120,12.160
0,87.150,12.440
0,87.250,12.440
8,87.280,12.140
14,90.900,12.280
0,91.390,12.520
0,99.630,12.930
0,111.880,12.840
0,115.210,12.650
0,117.140,12.660
25,121.070,12.870
0,123.290,13.870
0,123.290,13.970
10,123.640,13.970
0,127.090,15.170
0,133.570,15.220
0,138.090,15.440
8,141.300,16.790
2,142.170,17.250
18,142.170,17.555
2,142.170,17.250
8,143.000,17.750
3,143.530,17.900
14,144.040,17.990
0,146.850,18.120
22,149.270,18.080
14,149.590,18.090
0,150.930,18.050
0,154.680,16.160
0,156.490,15.970
25,167.430,10.660
5,168.760,10.460
0,168.960,10.460
0,168.960,9.460
0,170.350,9.420
0,170.350,10.170
14,170.400,10.170
0,171.830,10.170
14,172.910,10.200
0,173.300,10.230
5.400,210.000,18.217,17.557,-9999.000,-9999.000,69,14.580,10.400,10.460,0.000,0,20120216,8505080055,èØì‡êÏêÖån,ñÓìcêÏ
24,-16.680,14.580
8,-16.330,15.390
0,-14.860,15.540
14,-7.610,18.860
0,-4.550,18.920
14,-1.580,18.840
3,-1.370,18.810
1,0.000,18.217
2,0.000,17.970
0,4.590,15.640
0,8.680,15.390
0,12.450,14.050
8,14.860,13.880
10,18.010,12.690
0,22.200,12.680
14,24.330,12.550
0,28.840,12.450
14,30.970,12.400
0,31.230,12.520
13,40.590,12.990
0,45.390,12.740
0,47.240,12.390
8,48.940,12.150
16,50.420,11.540
10,51.700,11.060
0,54.660,11.090
0,58.090,11.110
0,61.600,11.180
0,65.390,11.210
16,71.740,11.470
0,77.700,11.690
0,79.720,11.910
0,82.480,11.690
10,85.830,11.630
10,86.840,12.120
0,87.240,12.260
8,87.280,12.470
8,87.390,12.420
14,87.800,12.230
8,88.300,12.250
0,91.070,12.300
14,91.760,12.590
13,92.660,12.720
0,98.200,12.870
0,105.330,12.830
8,115.390,12.650
8,117.390,12.690
0,118.230,13.040
0,119.930,12.940
10,121.110,12.870
10,123.240,13.890
8,123.620,13.990
0,127.260,15.210
0,129.970,15.370
0,137.760,15.440
8,141.220,16.790
18,142.160,17.557
2,142.160,17.260
8,143.040,17.790
0,143.500,17.930
3,144.040,18.020
0,146.830,18.160
14,149.260,18.120
14,149.540,18.120
0,150.980,18.020
0,154.650,16.180
0,156.300,16.050
0,167.090,10.750
25,168.890,10.460
5.600,190.000,18.483,18.457,12.960,12.700,97,15.930,-9999.000,14.900,0.000,0,20161117,8505080055,èØì‡êÏêÖån,ñÓìcêÏ
0,-34.340,16.110
14,-23.000,15.940
14,-18.140,15.860
0,-17.950,15.820
0,-17.950,15.920
19,-17.850,15.920
0,-17.750,15.920
7,-17.350,15.920
24,-17.260,15.930
10,-17.120,16.400
0,-15.230,16.690
10,-12.240,16.960
10,-10.990,17.460
0,-7.980,18.780
0,-7.290,18.950
14,-6.840,19.090
0,-4.170,19.030
14,-1.370,18.880
3,-0.920,18.830
8,-0.400,18.640
0,-0.300,18.640
0,-0.300,18.260
2,0.000,18.230
1,0.000,18.483
2,0.000,18.230
0,0.250,18.200
0,0.250,18.380
0,0.350,18.380
0,0.350,18.250
8,1.300,17.880
10,5.290,15.890
0,5.490,15.890
0,5.490,15.790
0,6.310,15.400
0,6.510,15.400
8,6.620,14.830
0,9.830,14.770
14,13.230,14.720
8,22.510,14.440
24,24.040,13.440
0,30.470,13.190
14,32.200,13.020
0,36.270,12.920
0,36.390,12.920
14,38.880,12.920
0,39.120,13.110
0,41.080,13.320
0,49.180,13.290
8,50.180,12.960
12,50.230,12.960
13,50.230,12.960
0,50.260,12.760
0,51.160,12.700
0,51.290,12.680
8,51.290,12.580
16,53.520,11.490
10,54.660,10.920
0,56.600,10.950
0,61.360,11.190
16,65.540,11.480
0,68.140,11.720
0,82.510,12.210
10,87.630,12.240
10,88.580,12.600
13,88.580,12.700
12,88.580,12.700
0,89.720,12.820
0,89.750,13.020
0,89.850,13.020
8,89.880,12.840
0,96.860,13.180
0,98.100,13.010
14,98.350,12.850
14,100.520,12.860
0,101.030,13.040
25,116.410,13.140
10,118.370,14.040
0,118.370,14.140
0,122.070,14.160
0,129.050,14.250
0,129.050,14.450
0,129.790,14.450
0,132.930,15.740
0,135.010,15.810
0,135.010,15.910
8,135.210,15.910
10,138.850,17.850
2,139.450,18.280
18,139.450,18.457
2,139.450,18.280
3,140.520,18.710
0,143.290,18.770
0,145.500,18.600
0,151.100,15.790
25,154.020,14.900
0,164.880,15.020
0,174.200,14.290
5.600,190.000,18.473,18.458,-9999.000,-9999.000,73,15.680,10.640,14.640,0.000,0,20120216,8505080055,èØì‡êÏêÖån,ñÓìcêÏ
24,-17.950,15.680
0,-17.950,15.980
0,-17.750,15.980
10,-17.410,16.060
10,-17.310,16.290
0,-12.790,16.740
0,-8.100,18.770
0,-6.130,19.030
3,-2.920,19.010
0,-0.450,18.560
0,-0.340,18.560
0,-0.340,18.210
1,0.000,18.473
2,0.000,18.210
0,0.260,18.210
0,0.260,18.410
0,0.360,18.410
0,0.360,18.310
10,1.280,17.910
10,5.280,15.940
0,6.330,15.400
8,6.680,14.940
8,7.030,14.810
0,9.900,14.770
0,13.240,14.730
10,22.450,14.430
10,24.390,13.370
0,30.900,13.220
14,32.180,13.040
8,36.230,12.950
14,39.060,12.930
0,40.180,13.260
13,48.940,13.330
8,50.140,13.020
0,50.320,12.770
10,51.310,12.710
16,53.580,11.520
10,54.300,11.150
0,56.960,11.000
0,59.390,11.120
0,62.230,11.280
16,65.490,11.540
0,73.390,11.940
0,81.820,12.160
10,87.700,12.210
0,88.470,12.610
0,89.540,12.850
13,89.600,13.020
0,94.040,13.140
0,97.540,13.150
0,98.150,13.050
14,98.430,12.870
14,100.530,12.880
0,101.130,13.030
0,101.610,13.060
10,116.220,13.160
10,117.520,13.850
8,117.950,14.030
0,122.010,14.180
0,125.320,14.220
8,128.820,14.340
0,129.710,14.470
0,132.870,15.870
8,135.280,16.030
8,138.820,17.960
18,139.430,18.458
2,139.430,18.360
3,140.570,19.160
0,142.960,19.220
0,145.270,19.060
0,150.720,16.500
0,152.980,15.530
25,161.280,14.640
5.800,172.000,18.656,18.980,12.900,12.890,91,-9999.000,10.400,10.290,0.000,0,20161112,8505080055,èØì‡êÏêÖån,ñÓìcêÏ
0,-29.530,20.960
8,-27.530,20.960
0,-26.920,20.910
8,-26.810,20.830
0,-21.660,19.740
0,-11.190,19.530
0,-7.760,19.190
14,-7.260,19.190
0,-4.270,19.200
14,-1.540,19.060
22,-1.100,19.030
3,-0.840,18.890
8,-0.410,18.510
2,0.000,18.280
1,0.000,18.656
2,0.000,18.280
8,0.500,18.070
0,6.420,15.520
0,19.590,15.020
24,23.440,13.610
0,29.430,13.470
14,30.340,13.200
14,32.490,13.220
0,33.570,13.460
0,37.570,13.600
0,40.460,13.280
14,41.000,13.100
0,47.980,12.960
0,48.100,12.960
14,49.110,12.960
0,49.140,13.210
0,49.240,13.210
0,49.270,12.960
12,50.310,12.900
13,50.310,12.900
8,50.310,12.800
16,51.870,12.030
10,52.460,11.740
0,54.890,11.890
0,59.470,11.900
0,66.630,11.860
0,73.650,11.760
0,81.910,11.760
10,85.550,11.670
16,86.200,12.020
10,87.800,12.790
13,87.800,12.890
12,87.800,12.890
0,88.920,12.970
0,88.950,13.170
0,89.050,13.170
8,89.060,12.930
14,91.390,12.960
0,91.650,13.130
0,93.420,13.390
0,104.630,13.220
0,116.000,13.180
10,117.960,13.430
10,120.300,14.410
0,120.300,14.510
8,121.160,14.520
14,125.190,14.550
0,126.170,14.580
14,127.420,14.570
25,135.710,14.690
0,139.090,15.870
0,142.140,16.080
8,147.170,18.410
2,147.670,18.660
18,147.670,18.980
2,147.670,18.660
8,148.110,18.900
3,149.020,19.310
14,149.400,19.350
0,151.850,19.460
0,153.570,19.470
22,153.940,19.440
14,154.580,19.430
0,155.690,19.300
0,160.430,16.070
0,164.240,15.720
0,173.480,11.220
8,174.430,11.220
10,175.030,11.220
25,175.410,10.290
0,175.740,10.300
14,176.290,10.300
0,177.930,10.370
14,179.600,10.370
0,179.930,10.370
0,184.870,10.670
5.800,172.000,18.657,18.987,-9999.000,-9999.000,67,-9999.000,11.270,10.370,0.000,0,20120216,8505080055,èØì‡êÏêÖån,ñÓìcêÏ
8,-27.490,20.940
0,-26.930,20.910
8,-26.830,20.800
0,-21.710,19.820
0,-11.130,19.500
14,-7.040,19.190
0,-4.370,19.200
3,-1.270,19.060
1,0.000,18.657
2,0.000,18.310
0,6.310,15.560
0,10.710,15.250
0,19.300,15.130
0,23.000,13.690
0,29.070,13.530
14,30.220,13.230
14,32.410,13.220
0,33.490,13.510
0,37.200,13.590
0,40.450,13.280
14,40.830,13.120
14,45.300,13.020
8,47.920,13.000
8,48.910,13.020
0,48.970,13.220
0,49.860,13.330
0,50.500,13.080
13,53.820,12.880
0,55.750,12.410
0,60.620,12.280
16,66.500,12.000
0,70.510,11.670
0,74.550,11.580
0,77.240,11.570
0,80.190,11.550
0,82.830,11.470
8,85.020,11.490
16,86.120,11.990
8,87.630,12.820
0,88.740,12.950
14,88.980,12.960
14,91.180,12.980
13,92.680,13.350
0,100.790,13.280
0,116.270,13.210
8,118.440,13.600
8,120.190,14.450
8,121.090,14.540
14,125.200,14.590
14,127.450,14.610
0,135.610,14.720
0,139.100,15.900
0,142.120,16.110
8,147.190,18.480
18,147.670,18.987
2,147.670,18.690
8,148.040,18.910
3,149.340,19.380
0,151.890,19.480
22,153.930,19.470
22,155.040,19.450
0,155.760,19.270
0,160.440,16.110
0,164.240,15.780
0,173.640,11.310
0,174.960,11.170
25,175.440,10.370
6.000,216.000,19.329,18.866,13.260,14.740,95,22.340,15.180,-9999.000,0.000,0,20161112,8505080055,èØì‡êÏêÖån,ñÓìcêÏ
0,-17.390,22.310
25,-15.060,22.340
0,-13.840,22.690
19,-11.210,22.540
8,-10.510,21.790
10,-10.110,21.790
10,-9.340,19.550
0,-8.840,19.510
0,-8.340,19.510
14,-8.190,19.510
22,-8.080,19.520
0,-7.640,19.550
0,-4.610,19.630
14,-1.550,19.580
0,-1.210,19.700
22,-0.960,19.700
3,-0.690,19.550
8,-0.360,19.210
2,0.000,19.010
1,0.000,19.329
2,0.000,19.010
8,0.420,18.850
0,6.690,16.060
0,14.300,15.930
0,17.560,14.610
0,19.980,14.270
24,21.320,13.790
14,22.840,13.660
0,27.310,13.610
14,31.940,13.540
0,32.610,13.730
0,40.710,13.790
14,42.760,13.390
0,46.570,13.310
12,49.230,13.260
13,49.230,13.260
8,50.350,13.210
0,51.990,12.830
16,53.070,12.330
9,54.860,11.730
0,60.570,12.010
0,68.640,12.130
16,75.740,12.310
0,80.100,12.500
10,89.490,12.600
0,89.890,12.660
0,89.890,12.810
0,90.360,12.810
0,90.360,12.940
0,90.860,12.940
0,90.860,13.100
0,91.300,13.100
0,91.300,13.240
10,92.840,13.240
14,95.560,13.290
0,97.320,13.770
0,111.250,13.740
0,123.960,13.850
0,125.840,14.640
13,125.840,14.740
12,125.840,14.740
0,126.870,14.790
0,126.900,15.030
0,127.000,15.030
8,127.030,14.850
0,135.960,15.250
0,139.140,16.340
0,144.410,16.580
0,146.540,17.460
25,160.650,17.620
8,162.480,18.350
2,162.920,18.560
18,162.920,18.866
2,162.920,18.560
8,163.420,18.790
3,164.050,19.180
14,164.840,19.300
0,165.610,19.340
0,167.420,19.400
0,169.140,19.400
22,169.540,19.390
14,170.520,19.360
0,171.240,19.310
22,171.540,19.010
0,173.560,17.890
0,176.000,17.240
0,178.430,16.240
0,179.380,15.440
0,179.410,15.440
0,179.410,15.160
14,179.810,15.160
0,180.340,15.180
14,182.630,15.200
0,184.760,15.150
23,185.800,15.260
6.000,216.000,19.317,18.866,-9999.000,-9999.000,69,19.540,11.460,15.260,0.000,0,20120130,8505080055,èØì‡êÏêÖån,ñÓìcêÏ
0,-11.690,22.530
8,-10.110,21.780
24,-9.510,19.540
0,-8.630,19.510
14,-8.230,19.510
22,-8.110,19.530
0,-4.530,19.620
14,-1.480,19.590
0,-1.340,19.700
3,-0.990,19.670
1,0.000,19.317
2,0.000,19.020
0,6.260,16.140
0,14.330,15.930
0,17.690,14.590
0,19.670,14.350
0,21.180,13.830
8,22.660,13.690
8,32.210,13.570
0,32.980,13.820
0,36.810,13.880
0,41.160,13.780
14,42.750,13.410
8,50.910,13.290
13,52.170,13.240
16,53.660,12.370
8,54.630,11.910
0,57.530,11.910
0,61.060,12.000
0,64.770,12.120
16,71.100,12.360
0,76.150,12.510
0,76.980,12.380
0,85.340,12.530
0,85.720,12.780
0,88.350,12.820
13,89.290,13.350
8,90.570,13.330
14,90.790,13.280
14,92.790,13.300
0,93.530,13.680
0,94.890,13.940
0,97.150,13.920
0,102.740,13.760
0,112.240,13.740
8,123.960,13.870
8,125.810,14.690
0,126.820,14.820
8,127.030,14.890
0,135.350,15.220
9,137.420,15.710
9,139.200,16.410
0,141.500,16.550
8,144.660,16.690
0,146.530,17.500
0,160.660,17.640
8,162.500,18.420
18,162.930,18.866
2,162.930,18.570
8,163.320,18.850
3,164.420,19.320
0,164.730,19.330
0,167.040,19.420
22,169.190,19.390
14,170.170,19.320
22,171.100,19.240
0,172.710,17.910
0,178.260,16.410
25,179.380,15.260
6.200,179.000,19.952,18.320,13.500,13.370,82,18.130,17.770,-9999.000,0.000,0,20161112,8505080055,èØì‡êÏêÖån,ñÓìcêÏ
0,-21.100,17.780
0,-16.880,17.890
14,-16.550,17.890
14,-12.620,18.130
0,-12.290,18.130
24,-12.170,18.130
10,-11.810,18.920
8,-11.210,18.920
0,-10.800,19.010
0,-8.900,19.860
22,-8.390,19.950
14,-7.950,19.950
0,-5.050,20.020
14,-1.960,19.930
22,-1.510,19.950
3,-0.680,19.870
8,-0.440,19.740
2,0.000,19.530
1,0.000,19.952
2,0.000,19.530
8,0.470,19.260
0,5.200,17.150
0,6.180,16.670
0,11.840,16.460
0,17.210,16.220
8,17.900,15.900
14,24.470,15.880
24,27.890,14.190
0,38.590,14.130
14,41.710,13.950
14,48.130,13.840
0,51.020,14.130
0,64.300,14.420
14,67.520,13.600
14,69.190,13.580
12,71.680,13.500
13,71.680,13.500
10,72.640,13.040
16,73.500,12.530
10,74.240,12.140
0,79.560,12.140
0,86.510,12.230
16,92.860,12.520
0,94.080,12.560
0,95.510,13.090
0,105.060,13.040
0,107.450,12.720
13,108.600,13.370
12,108.600,13.370
0,110.430,13.600
0,110.460,13.800
0,110.560,13.800
14,110.590,13.550
14,112.910,13.620
0,114.230,14.280
0,119.540,14.330
14,121.790,13.770
14,122.610,13.770
0,123.190,14.150
0,127.220,14.250
14,128.770,13.870
14,130.340,13.900
0,131.290,14.130
0,137.920,14.140
0,140.300,14.950
14,141.170,14.940
14,143.080,15.000
0,143.360,15.060
8,144.260,15.060
25,146.980,15.290
8,152.050,17.610
2,152.950,18.020
18,152.950,18.320
2,152.950,18.020
8,153.870,18.530
3,154.590,18.820
14,155.250,18.850
22,156.690,18.880
0,159.730,18.850
14,163.820,18.800
0,166.450,18.520
0,166.450,20.900
6.200,179.000,19.942,18.315,-9999.000,-9999.000,73,18.120,11.430,18.410,0.000,0,20120130,8505080055,èØì‡êÏêÖån,ñÓìcêÏ
14,-16.620,17.890
0,-14.770,18.010
24,-12.230,18.120
8,-11.250,18.920
0,-10.790,19.020
0,-9.320,19.720
22,-8.390,19.940
14,-8.130,19.960
0,-5.040,19.990
0,-1.750,19.910
3,-1.530,19.940
1,0.000,19.942
2,0.000,19.520
8,5.160,17.090
0,6.150,16.620
0,17.200,16.150
8,17.820,15.860
0,24.450,15.850
8,27.900,14.120
0,33.000,14.190
0,39.070,14.070
14,41.960,13.910
0,46.450,13.770
14,48.400,13.790
0,49.180,13.970
0,59.740,14.340
13,65.040,14.300
14,67.340,13.570
0,70.700,13.710
0,71.860,13.390
16,72.700,12.840
8,72.940,12.740
0,77.190,12.710
0,82.250,12.660
0,87.720,12.680
0,93.440,12.670
0,99.310,12.800
0,101.970,12.800
0,105.840,12.710
8,107.700,12.600
16,108.180,12.830
8,109.210,13.360
0,110.150,13.500
14,110.630,13.500
14,112.600,13.570
13,113.590,14.130
0,114.720,14.310
0,117.410,14.370
0,120.070,14.200
14,121.510,13.730
14,122.460,13.750
0,123.060,13.970
0,124.110,14.190
0,126.830,14.230
14,128.740,13.870
14,130.250,13.880
0,131.480,14.110
0,137.260,14.060
0,140.260,14.900
14,141.040,14.890
8,142.920,14.940
8,144.170,15.020
0,147.170,15.290
8,152.130,17.620
18,152.920,18.315
2,152.920,18.020
8,153.830,18.530
3,154.770,18.810
8,155.150,18.820
14,156.340,18.850
0,160.700,18.810
14,163.600,18.760
25,167.010,18.410
6.400,207.000,20.181,19.011,14.330,14.250,88,-9999.000,18.690,-9999.000,0.000,0,20161112,8505080055,èØì‡êÏêÖån,ñÓìcêÏ
0,-32.900,19.680
0,-21.310,19.820
14,-19.810,19.820
14,-16.420,19.840
0,-12.570,19.850
14,-12.520,19.810
14,-12.010,19.800
0,-5.990,19.970
14,-1.650,20.010
22,-1.150,20.010
0,-0.580,20.010
8,-0.470,19.880
2,0.000,19.880
1,0.000,20.181
2,0.000,19.880
3,0.440,19.790
8,4.880,17.570
0,5.080,17.570
0,5.950,17.100
0,15.620,16.690
0,16.820,16.690
24,19.580,15.280
14,29.740,15.060
0,32.980,15.030
14,36.790,14.980
8,51.080,14.360
0,53.550,14.330
12,54.890,14.330
13,54.890,14.330
8,56.910,13.380
0,58.970,13.360
0,59.920,12.970
0,62.810,13.000
0,63.450,13.470
0,72.470,13.430
0,81.350,13.400
0,91.920,13.130
16,92.340,12.970
0,92.660,12.830
0,95.620,12.480
0,98.820,12.480
0,100.690,12.360
0,103.280,12.570
8,106.010,12.550
0,106.750,12.550
0,106.750,12.750
0,107.150,12.750
0,107.150,12.950
0,107.550,12.950
16,107.550,12.970
0,107.550,13.150
0,107.950,13.150
0,107.950,13.350
0,108.350,13.350
0,108.350,13.550
0,108.750,13.550
0,108.750,13.750
0,109.150,13.750
0,109.150,13.950
0,109.550,13.950
0,109.550,14.150
0,110.360,14.150
13,110.360,14.250
12,110.360,14.250
8,111.170,14.300
0,115.160,14.800
14,123.800,14.450
14,126.260,14.460
0,128.790,14.640
0,137.260,14.640
10,140.940,15.990
3,144.200,19.020
2,145.320,19.010
18,145.320,19.011
2,145.320,19.010
0,145.720,19.000
0,145.720,19.830
19,145.780,19.830
0,145.840,19.830
14,145.840,19.600
0,152.980,19.660
14,160.390,19.680
0,160.390,19.950
19,160.450,19.950
0,160.510,19.950
0,160.510,18.950
0,163.800,18.740
23,167.360,18.690
6.400,207.000,20.171,19.011,-9999.000,-9999.000,68,19.800,18.350,18.680,0.000,0,20120130,8505080055,èØì‡êÏêÖån,ñÓìcêÏ
14,-19.530,19.850
8,-16.940,19.830
0,-12.510,19.780
24,-12.000,19.800
0,-5.950,19.960
14,-1.590,19.960
3,-1.170,20.040
1,0.000,20.171
2,0.000,19.840
0,5.040,17.530
0,5.980,17.090
8,7.920,16.980
8,15.680,16.680
0,16.890,16.640
8,20.350,14.940
0,28.570,15.180
14,30.000,15.070
0,33.230,15.030
14,36.750,14.990
0,43.620,14.920
0,48.250,14.650
8,50.550,14.370
0,53.670,14.330
13,55.040,14.300
8,56.860,13.450
0,61.800,13.720
0,65.500,13.500
0,69.960,13.430
0,72.030,13.080
0,73.810,12.990
0,75.780,13.070
0,77.590,13.050
0,79.190,13.070
0,80.680,13.250
0,83.690,13.270
16,85.710,13.150
0,88.180,12.850
0,90.210,12.710
0,92.990,12.910
0,96.400,12.850
0,99.320,12.660
0,103.070,12.860
16,107.650,13.170
0,109.600,14.150
8,110.810,14.320
13,111.730,14.600
0,115.220,14.770
0,122.910,14.620
14,123.470,14.480
14,125.220,14.500
0,125.660,14.570
0,128.430,14.660
0,137.460,14.650
0,139.800,15.570
9,141.090,16.090
3,144.030,18.970
18,145.500,19.011
2,145.500,19.010
0,145.630,19.050
10,145.630,19.940
0,145.730,19.940
0,145.730,19.720
0,158.630,19.700
0,160.530,19.680
0,160.530,19.950
0,160.630,19.950
0,160.630,18.950
25,163.830,18.680
6.600,143.000,19.629,18.230,14.500,14.410,92,14.250,17.700,-9999.000,0.000,0,20161112,8505080055,èØì‡êÏêÖån,ñÓìcêÏ
0,-28.540,14.200
0,-22.780,14.140
0,-22.660,14.140
0,-22.660,14.120
14,-22.340,14.080
0,-20.750,14.190
14,-19.050,14.230
0,-18.750,14.250
24,-18.620,14.250
10,-17.730,15.870
8,-17.230,15.870
22,-14.430,17.580
14,-13.970,17.680
14,-11.250,17.710
8,-11.130,17.900
0,-7.350,20.090
22,-7.050,20.090
14,-6.970,20.100
0,-4.820,20.140
14,-1.640,20.120
0,-1.240,20.050
22,-1.190,20.050
0,-0.890,20.050
3,-0.890,19.750
8,-0.420,19.600
2,0.000,19.370
1,0.000,19.629
2,0.000,19.370
8,0.450,19.050
0,2.010,18.410
0,4.360,18.070
24,6.710,17.390
0,18.100,17.420
0,41.550,17.400
0,70.120,17.280
0,83.180,17.330
0,84.080,17.620
0,86.150,17.600
0,90.730,15.810
10,106.540,14.790
8,109.000,14.660
0,109.300,14.660
0,109.300,14.560
12,110.300,14.500
13,110.300,14.500
8,111.420,13.980
0,111.590,13.980
0,115.900,13.930
16,116.100,13.670
0,117.130,13.510
0,121.900,13.410
0,129.120,13.420
0,137.250,13.470
0,145.810,13.510
0,151.050,13.340
0,156.820,13.140
8,158.880,12.970
16,159.530,13.260
13,161.750,14.410
12,161.750,14.410
8,162.610,14.480
0,163.650,14.880
0,166.490,15.030
14,166.890,14.720
14,169.010,14.750
0,170.410,15.080
0,187.640,15.210
10,205.500,15.380
25,208.400,15.480
10,211.550,17.100
0,217.050,17.400
8,218.910,17.890
2,219.500,17.890
18,219.500,18.230
2,219.500,17.890
8,220.000,17.890
14,222.120,17.910
0,225.130,17.930
14,227.830,17.890
0,227.930,17.890
0,227.930,18.090
0,228.110,18.090
0,228.110,17.890
0,228.210,17.890
0,228.210,17.860
0,229.280,17.750
0,229.410,17.750
0,229.470,17.600
0,229.600,17.600
0,229.930,17.600
23,230.380,17.600
0,231.380,17.600
6.600,143.000,19.621,18.222,-9999.000,-9999.000,66,14.270,17.750,17.730,0.000,0,20120130,8505080055,èØì‡êÏêÖån,ñÓìcêÏ
24,-18.580,14.270
0,-17.740,15.860
8,-17.240,15.860
0,-15.540,16.740
22,-14.300,17.650
14,-14.020,17.680
10,-11.250,17.630
10,-11.130,17.910
14,-6.880,20.080
0,-4.210,20.130
0,-1.610,20.110
3,-1.300,20.080
1,0.000,19.621
2,0.000,19.330
0,2.040,18.420
0,3.750,18.170
0,6.210,17.460
0,8.320,17.460
0,9.650,17.330
0,30.550,17.370
0,43.130,17.370
0,43.630,17.370
0,58.300,17.360
0,81.530,17.280
8,90.200,15.830
0,98.600,15.510
8,106.170,14.810
13,110.270,14.620
8,112.440,13.580
0,117.090,13.710
0,124.130,13.770
0,131.790,13.660
16,140.600,13.440
0,143.610,13.310
0,147.850,13.350
0,153.600,13.300
8,159.340,13.320
16,159.640,13.480
0,161.810,14.550
8,162.760,14.610
13,164.110,14.970
0,165.430,15.080
0,166.350,15.100
14,166.950,14.750
14,168.960,14.800
0,170.360,15.100
0,179.670,15.200
0,194.070,15.260
8,205.370,15.400
0,208.260,15.500
8,211.620,17.160
0,217.150,17.430
3,219.000,17.920
0,219.000,17.880
18,219.490,18.222
2,219.490,17.880
8,219.980,17.920
0,222.000,17.930
0,225.280,17.970
0,228.260,17.930
0,228.260,18.130
0,228.460,18.130
0,228.460,17.930
25,229.100,17.730
0,229.200,17.730
0,229.200,17.230
6.800,195.000,20.078,19.384,16.760,15.730,77,13.980,17.840,17.800,0.000,0,20161112,8505080055,èØì‡êÏêÖån,ñÓìcêÏ
0,-29.840,13.980
0,-24.330,14.110
0,-23.990,14.070
0,-23.990,14.110
14,-23.690,14.070
0,-22.130,14.200
14,-20.380,14.260
0,-20.030,14.260
24,-19.870,14.260
10,-19.450,15.040
8,-19.280,15.040
0,-13.370,17.860
0,-12.500,17.970
0,-7.200,20.510
22,-6.900,20.510
14,-6.500,20.520
0,-4.020,20.560
14,-1.500,20.500
22,-1.070,20.440
8,-0.460,20.020
2,0.000,19.740
1,0.000,20.078
2,0.000,19.740
8,0.420,19.450
0,1.830,18.590
24,5.510,17.620
0,15.790,17.570
0,31.250,17.530
0,59.680,17.200
0,72.520,17.020
12,80.140,16.760
13,80.140,16.760
0,83.370,15.440
0,90.110,15.150
10,91.420,14.340
16,91.700,14.000
10,92.420,13.710
0,99.640,13.770
0,111.300,13.280
16,123.300,14.030
0,133.210,14.150
0,142.250,14.270
16,147.460,13.590
0,150.930,13.150
0,153.520,13.420
16,155.070,13.590
8,158.690,14.470
13,161.210,15.750
12,161.920,15.730
8,162.360,15.730
0,168.060,16.010
0,168.060,16.160
0,168.210,16.160
14,168.290,15.980
14,173.160,15.930
0,188.880,16.130
25,204.120,16.200
0,207.400,17.550
0,209.070,17.700
0,213.210,17.860
3,216.010,19.080
2,216.480,19.080
18,216.480,19.384
2,216.480,19.080
8,216.980,19.080
14,219.290,19.090
0,222.160,19.170
14,225.000,19.220
0,225.820,19.130
0,226.880,18.570
0,228.900,18.530
0,229.150,18.530
10,229.460,18.530
25,229.860,17.800
7,230.110,17.800
0,235.500,17.860
23,235.530,17.860
6.800,195.000,20.071,19.376,-9999.000,-9999.000,77,14.260,17.790,17.860,0.000,0,20120130,8505080055,èØì‡êÏêÖån,ñÓìcêÏ
24,-20.220,14.260
0,-19.780,15.020
8,-19.480,15.020
0,-13.470,17.840
0,-12.580,17.950
22,-6.920,20.490
14,-6.560,20.500
0,-4.010,20.550
14,-1.470,20.490
3,-1.140,20.450
1,0.000,20.071
2,0.000,19.730
0,1.920,18.580
0,5.530,17.620
0,27.020,17.420
0,47.530,17.260
0,63.120,17.050
0,75.110,17.060
0,75.960,17.140
0,76.950,16.900
0,80.150,16.810
0,82.950,15.520
0,86.910,15.140
13,90.410,15.040
10,90.590,14.580
16,91.800,13.990
10,92.490,13.670
0,95.370,13.530
0,99.130,13.560
0,102.750,13.560
0,106.690,13.580
0,110.600,13.790
0,114.360,13.900
16,118.150,14.010
0,123.840,14.200
0,130.390,14.330
0,135.640,14.450
0,137.830,14.540
0,139.160,14.430
0,142.400,14.500
0,143.670,14.130
0,145.580,13.950
0,147.580,14.010
16,148.250,13.950
0,149.950,13.740
0,152.750,13.440
0,154.000,13.380
0,156.090,13.660
16,156.840,13.950
0,157.140,14.260
0,157.720,14.360
8,158.390,14.370
13,161.290,15.750
8,162.370,15.780
0,163.630,15.900
0,165.520,16.000
8,167.740,16.040
14,168.180,16.030
14,173.120,15.960
0,179.210,16.100
0,186.760,16.140
0,194.750,16.190
0,203.770,16.180
0,207.720,17.650
0,212.700,17.850
3,216.000,19.100
18,216.460,19.376
2,216.460,19.080
8,216.940,19.110
0,217.800,19.180
14,219.280,19.130
0,221.850,19.220
14,225.010,19.260
0,225.630,19.170
0,226.940,18.620
0,228.900,18.580
25,229.750,17.860
7.000,201.000,21.380,19.993,16.260,16.120,104,14.710,17.970,18.150,0.000,0,20161112,8505080055,èØì‡êÏêÖån,ñÓìcêÏ
0,-30.500,14.560
0,-27.510,14.440
14,-27.180,14.440
0,-25.610,14.520
14,-23.950,14.610
0,-23.600,14.610
0,-23.600,14.710
24,-23.480,14.710
10,-23.030,15.500
8,-22.790,15.500
0,-21.970,15.650
0,-16.410,18.240
0,-14.300,18.424
0,-8.810,21.090
22,-8.440,21.180
14,-8.090,21.180
0,-5.260,21.260
14,-2.660,21.220
22,-2.020,21.200
3,-0.420,21.180
2,0.000,21.020
1,0.000,21.380
2,0.000,21.020
8,0.530,20.790
8,5.160,18.590
8,5.850,18.250
8,15.750,17.710
0,16.760,17.640
24,20.380,15.780
14,25.920,15.620
0,27.060,15.620
14,28.230,15.620
0,35.540,15.720
0,53.920,15.780
0,65.650,15.860
0,67.410,16.210
12,72.190,16.260
13,74.540,16.010
16,77.820,14.360
0,81.210,14.130
0,86.840,14.100
0,94.540,14.140
0,102.340,14.190
16,110.220,14.330
0,117.190,14.550
0,121.920,15.220
0,128.180,14.870
0,131.250,15.390
13,136.260,16.120
12,136.260,16.120
0,142.640,16.340
0,142.660,16.490
0,142.780,16.490
0,142.850,16.300
14,148.270,16.410
14,150.950,16.440
0,164.250,16.630
25,179.180,16.920
0,181.830,17.890
0,188.130,18.170
8,190.870,19.180
2,191.810,19.640
18,191.810,19.993
2,191.810,19.640
8,192.620,20.060
3,193.230,20.270
14,195.820,20.330
0,198.000,20.360
0,199.250,20.370
14,200.310,20.380
8,200.820,20.350
0,201.260,20.350
0,201.260,20.200
0,201.550,20.200
0,201.550,20.050
0,201.840,20.050
0,201.840,19.900
0,202.130,19.900
0,202.130,19.750
0,202.420,19.750
0,202.420,19.600
0,202.710,19.600
0,202.710,19.450
0,203.000,19.450
0,203.000,19.300
0,203.290,19.300
0,203.290,19.150
0,203.580,19.150
0,203.580,19.000
0,203.870,19.000
0,203.870,18.840
0,204.160,18.840
0,204.770,18.710
0,205.000,18.710
0,205.000,18.510
0,205.250,18.510
0,205.250,18.320
0,205.510,18.320
25,205.570,18.150
0,205.690,18.150
0,206.030,18.150
0,206.030,18.060
0,206.530,18.060
0,207.210,17.970
7.000,201.000,21.369,19.985,-9999.000,-9999.000,76,14.700,17.800,18.740,0.000,0,20120127,8505080055,èØì‡êÏêÖån,ñÓìcêÏ
24,-23.260,14.700
8,-22.780,15.500
0,-22.330,15.600
0,-16.600,18.220
0,-14.760,18.340
0,-8.760,21.090
22,-8.420,21.160
14,-8.150,21.160
0,-5.210,21.240
14,-2.640,21.200
3,-1.990,21.180
1,0.000,21.369
2,0.000,21.020
8,5.070,18.620
8,5.930,18.220
8,15.720,17.700
0,16.760,17.650
8,20.530,15.770
0,24.430,15.720
14,25.780,15.630
14,28.130,15.610
0,29.510,15.730
0,43.690,15.710
0,66.090,15.790
0,67.130,16.130
13,72.870,16.260
0,76.850,15.160
8,77.420,14.530
16,77.990,14.260
8,78.650,13.870
0,80.650,13.980
0,86.120,14.140
0,91.450,14.160
0,96.450,14.080
0,101.690,14.100
0,106.650,14.170
16,110.900,14.310
0,115.890,14.550
0,119.030,14.420
0,120.570,14.570
0,121.780,15.220
0,124.200,15.130
0,127.220,14.780
0,131.250,15.480
0,134.320,15.720
13,136.450,16.190
0,139.450,16.410
8,142.710,16.400
8,142.930,16.300
14,148.340,16.430
14,150.870,16.450
0,161.040,16.610
0,172.420,16.770
0,174.540,16.930
0,179.040,16.930
0,181.770,17.910
0,185.690,18.000
0,188.690,18.300
0,190.840,19.220
18,191.790,19.985
2,191.790,19.820
0,192.550,20.070
3,193.240,20.300
0,195.040,20.380
0,195.740,20.340
14,196.240,20.280
0,198.030,20.360
14,200.310,20.390
8,201.030,20.390
8,204.160,18.810
8,204.700,18.740
25,205.210,18.740
0,205.420,18.160
0,205.550,18.160
0,205.550,18.120
0,205.880,18.120
7.200,209.000,21.296,21.058,15.700,15.710,77,15.610,18.710,19.680,0.000,0,20161112,8505080055,èØì‡êÏêÖån,ñÓìcêÏ
0,-51.270,15.480
0,-49.760,15.490
0,-28.780,15.560
0,-28.230,15.560
19,-28.050,15.560
0,-28.000,15.560
0,-28.000,15.650
0,-27.940,15.650
24,-27.940,15.610
0,-20.350,18.940
0,-17.700,19.050
0,-11.420,21.938
0,-11.070,22.040
0,-10.670,22.040
22,-10.570,22.060
14,-9.980,22.100
0,-6.390,22.190
14,-3.130,22.120
22,-3.020,22.150
3,-1.330,21.800
8,-0.520,21.500
2,0.000,21.260
1,0.000,21.296
2,0.000,21.260
8,0.400,21.020
0,4.230,19.230
0,9.330,19.110
0,13.090,19.080
0,15.020,19.000
24,20.120,16.610
0,38.470,16.300
0,50.250,16.170
14,51.790,15.730
8,54.450,15.660
0,54.470,15.900
0,54.570,15.900
0,54.630,15.690
8,55.220,15.690
0,55.800,15.880
8,59.460,15.700
12,59.760,15.700
13,59.760,15.700
16,61.840,14.490
8,62.070,14.350
0,70.850,14.380
0,80.400,14.290
8,90.370,14.220
0,90.770,14.220
0,90.770,14.420
16,90.920,14.490
0,93.200,15.610
13,93.200,15.710
12,93.200,15.710
0,93.500,15.710
8,94.130,15.740
0,95.940,16.140
8,97.430,16.000
14,97.550,15.750
14,99.750,15.780
0,102.180,16.110
0,118.440,16.220
0,131.230,16.200
0,134.710,17.880
0,145.650,17.960
25,155.580,18.090
3,161.600,20.950
14,162.090,21.050
2,162.340,21.050
18,162.340,21.058
2,162.340,21.050
0,164.060,21.130
14,165.550,21.130
0,166.600,21.060
0,169.260,20.320
0,169.390,20.280
25,169.390,19.680
0,171.820,18.660
7.200,209.000,21.945,20.951,-9999.000,-9999.000,61,15.640,18.480,18.660,0.000,0,20120127,8505080055,èØì‡êÏêÖån,ñÓìcêÏ
24,-26.470,15.640
0,-18.820,18.960
0,-16.180,19.060
0,-10.010,21.930
5,-9.200,22.040
22,-9.080,22.050
14,-8.500,22.110
0,-4.910,22.190
14,-1.650,22.120
22,-1.500,22.130
3,-1.350,22.120
1,0.000,21.945
2,0.000,21.630
8,1.010,21.500
8,1.940,21.000
0,5.610,19.270
0,16.480,19.020
0,20.390,17.080
0,21.740,16.590
0,31.110,16.420
0,43.370,16.310
0,51.660,16.160
14,53.200,15.730
14,55.820,15.670
0,57.080,15.860
13,60.620,15.800
0,62.840,14.720
0,69.020,14.650
16,74.570,14.450
0,78.960,14.270
0,82.300,14.190
0,86.770,14.040
0,90.390,14.020
8,91.280,14.020
0,91.660,14.040
0,91.700,14.240
16,92.060,14.470
0,94.610,15.610
0,97.040,16.090
13,97.690,16.150
0,98.460,16.100
8,98.780,16.000
8,98.990,15.750
14,101.240,15.800
0,102.690,16.090
0,110.860,16.180
0,120.680,16.240
0,132.640,16.210
0,136.360,17.900
0,144.250,17.940
0,156.830,18.080
18,162.730,20.951
2,162.730,20.810
0,163.230,21.030
3,163.520,21.070
0,165.660,21.160
14,167.890,21.110
0,168.580,21.010
0,169.930,20.110
0,170.130,20.110
25,173.320,18.660
